pmid,title,year,journal,pub_types,language,abstract
37810609,Mental Health Impacts of Climate Change Among Vulnerable Populations Globally: An  Integrative Review.,2023,Ann Glob Health,"Journal Article; Research Support, N.I.H., Extramural; Review",eng,"BACKGROUND: Climate change has been shown to be directly linked to multiple  physiological sequelae and to impact health consequences. However, the impact of climate change on mental health globally, particularly among vulnerable populations, is less well understood. OBJECTIVE: To explore the mental health impacts of climate change in vulnerable populations globally. METHODS: We performed an integrative literature review to identify published articles that addressed the research question: What are the mental health impacts of climate change among vulnerable populations globally? The Vulnerable Populations Conceptual Model served as a theoretical model during the review process and data synthesis. FINDINGS/RESULTS: One hundred and four articles were selected for inclusion in this review after a comprehensive review of 1828 manuscripts. Articles were diverse in scope and populations addressed. Land-vulnerable persons (either due to occupation or geographic location), Indigenous persons, children, older adults, and climate migrants were among the vulnerable populations whose mental health was most impacted by climate change. The most prevalent mental health responses to climate change included solastalgia, suicidality, depression, anxiety/eco-anxiety, PTSD, substance use, insomnia, and behavioral disturbance. CONCLUSIONS: Mental health professionals including physicians, nurses, physician assistants and other healthcare providers have the opportunity to mitigate the mental health impacts of climate change among vulnerable populations through assessment, preventative education and care. An inclusive and trauma-informed response to climate-related disasters, use of validated measures of mental health, and a long-term therapeutic relationship that extends beyond the immediate consequences of climate change-related events are approaches to successful mental health care in a climate-changing world."
24393386,Navigating maternity health care: a survey of the Canadian prairie newcomer  experience.,2014,BMC Pregnancy Childbirth,Journal Article,eng,"BACKGROUND: Immigration to Canada has significantly increased in recent years,  particularly in the Prairie Provinces. There is evidence that pregnant newcomer women often encounter challenges when attempting to navigate the health system. Our aim was to explore newcomer women's experiences in Canada regarding pregnancy, delivery and postpartum care and to assess the degree to which Canada provides equitable access to pregnancy and delivery services. METHODS: Data were obtained from the Canadian Maternity Experiences Survey. Women (N = 6,241) participated in structured computer-assisted telephone interviews. Women from Alberta, Saskatchewan and Manitoba were included in this analysis. A total of 140 newcomers (arriving in Canada after 1996) and 1137 Canadian-born women met inclusion criteria. RESULTS: Newcomers were more likely to be university graduates, but had lower incomes than Canadian-born women. No differences were found in newcomer ability to access acceptable prenatal care, although fewer received information regarding emotional and physical changes during pregnancy. Rates of C-sections were higher for newcomers than Canadian-born women (36.1% vs. 24.7%, p = 0.02). Newcomers were also more likely to be placed in stirrups for birth and have an assisted birth. CONCLUSION: Although newcomers residing in Prairie Provinces receive adequate maternity care, improvements are needed with respect to provision of information related to postpartum depression and informed choice around the need for C-sections."
31730454,Psychological morbidity in Nepali cross-border migrants in India: a community  based cross-sectional study.,2019,BMC Public Health,Journal Article,eng,"BACKGROUND: Since Nepali cross-border migrants can freely enter, work and stay in  India, they are largely undocumented. The majority is involved in semi-skilled or unskilled jobs with limited labour rights and social security, a fact which predisposes them to psychological distress. We aimed to assess the prevalence of and factors associated with psychological morbidity among Nepali migrants upon their return from India. METHODS: A community based cross-sectional study was conducted in six districts of Nepal between September 2017 and February 2018. A total of 751 participants who had worked at least six months in India and returned to Nepal were interviewed from 24 randomly selected clusters. The General Health Questionnaire (GHQ)-12 was used to measure the psychological morbidity. Data were analysed using Poisson regression analysis. RESULTS: The majority was younger than 35 years (64.1%), male (96.7%), married (81.8%), had at least a primary education (66.6%), and belonged to Dalit, Janajati and religious minorities (53.7%). The prevalence of psychological morbidity was 13.5% (CI: 11.2-16.1%). Participants aged 45 years and above (adjusted prevalence ratio (aPR) = 2.74), from the Terai (aPR = 3.29), a religious minority (aPR = 3.64), who received no sick leave (aPR = 2.4), with existing health problems (aPR = 2.0) and having difficulty in accessing health care (aPR = 1.88) were more likely than others to exhibit a psychological morbidity. CONCLUSION: This study demonstrated that psychological morbidity was prevalent in the study participants and varied significantly with individual characteristics, work conditions and health. Multifaceted approaches including psychological counselling for returnees and protection of labour and health rights in the workplace are recommended to help reduce psychological morbidity."
39200574,Psychological Distress and Associated Factors among Technical Intern Trainees in  Japan: A Cross-Sectional Study.,2024,Int J Environ Res Public Health,"Journal Article; Research Support, Non-U.S. Gov't",eng,"Japan is experiencing significant demographic shifts due to an aging and  declining population. In 1993, the Japanese Government introduced the Technical Intern Training Program (TITP) to accept foreign national workers. While the number of technical intern trainees under this program has constantly increased, many of them face challenges in their daily lives, such as stress, health insecurities and limited access to healthcare. Therefore, we conducted a cross-sectional study to assess the mental well-being of technical intern trainees, focusing on psychological distress and its related factors. This study included 304 technical intern trainees from 12 prefectures in Japan, and was conducted from August 2021 to October 2021. We used self-administered questionnaires in the participants' native languages to assess their sociodemographic conditions, health-related conditions such as health insecurities and healthcare-seeking behaviors, and psychological distress. The K6 Kessler Psychological Distress Scale was applied to evaluate the levels of psychological distress. Among the participants, 26.3% had moderate psychological distress and 2.3% had severe psychological distress. In addition, about 15% of the participants reported health insecurities and did not see a doctor despite wanting to. The multivariate model of logistic regression revealed significant associations between psychological distress and female gender (AOR 2.62, 95% CI 1.12-6.12), nationality other than Vietnamese (AOR 4.85, 95% CI 2.60-9.07), tough financial conditions (AOR 2.23, 95% CI 1.18-4.19), experiencing health insecurity (AOR 2.21, 95% CI 1.04-4.66) and the health behavior of refraining from seeking medical care (AOR 3.06, 95% CI 1.49-6.30). The top reasons for refraining from seeking medical care were the participants' limited knowledge about the healthcare system in Japan and their worries about medical bills. These findings highlight the necessity to extend mental health support services, including counseling services, and share information about Japan's healthcare system to supply medical services to the targeted technical intern trainee population."
35467308,Mental Health Care Access and Individual Help-Seeking During the Covid-19  Pandemic.,2022,Community Ment Health J,Journal Article,eng,"The UJA Covid-19 Jewish Impact Study constitutes a random sample of 4403 adults  in Jewish households in the New York area. Collected between February and May 2021, the data include symptoms of depression and anxiety and the use of professional help. Via respondents' zip code tabulation areas (ZCTAs), these data are linked to contextual measures of mental health care access from two data sources: the SAMHSA Locator on specialty community treatment clinics, and the Zip Code Business Patterns database on solo and small group practices. Both treatment facilities and office practices are added to multilevel logistic regression models as density rates (per 10,000 people) and as binary indicators of presence. While we find no meaningful relationship between the general presence of mental health care services and help-seeking behavior, the ZCTA-level density of office practices is significantly associated with service utilization among the socially isolated, foreign-born and Hispanics or non-white respondents."
33651934,[Unaccompanied Minors: Individual Trajectories Confronting Politics].,2020,Sante Ment Que,Case Reports; Journal Article,fre,"Objectives The article presents the clinical description and discussion of a 17  years old Moroccan unaccompanied minor who migrated on his own to France. This case illustrates the complexity of the foreign unaccompanied minors' trajectories and the challenges of the clinical and institutional accompaniment provided in France. In the lights of the results of our clinical work and research, we suggest transcultural tools and perspectives that facilitate the construction of a narrative and that reinforce trust with the professionals-care givers working along with this population. Creativity is needed in the care of foreign isolated young people, in the absence of the family. Past traumatic experiences in these youths' lives hinder the process of building trust in the host country's educational accompaniment. Method In the framework of our action research, we describe the transcultural therapy setting created by our team to address the unaccompanied minors' psychological distress. Aiming to encourage the emergence of a life narrative that had been obstructed and ruptured by traumatic experiences, we resort to various tools facilitating the storytelling (objects, circle test, mediators interpreters, transcultural interpretations). Results The discussion follows three stances: the anthropological perspective focusing on the specific situation of the harraga-young people wandering both on the psychic and physical levels-, the political perspective, and the trauma clinic perspective. The enhancement and deepening of the cross-cultural skills of social workers strengthen their resources and provide them with better tools to accompany these young people. Additionally, results highlight the impact of the political discourse and strategies in the social workers' self-perception and the strains it creates in their daily work. Conclusion The transcultural approach addressed to unaccompanied minors relaunches the identity construction process in adolescence, impeded by their traumatic journey in migration. This implies restoring coherence in the life path of young people despite the rupture caused by the migration, often reactivated by new separations during the repetitive changes of foster homes. The unaccompanied minors have the possibility, through this clinical setting to depict an accurate representation of themselves, to develop narratives that can outgrow the preconceptions associated with their status, opening a brighter way for their individual destinies."
35321678,Health and self-perceived barriers to internet use among older migrants: a  population-based study.,2022,BMC Public Health,"Journal Article; Research Support, Non-U.S. Gov't",eng,"BACKGROUND: In older adults, including those with a migrant background, ill  health is associated with less internet use. However, it is not known what are the specific self-perceived barriers to internet use among older migrants with different health conditions. The aim of this study was to investigate the associations between different health conditions and self-perceived barriers to internet use among older migrants. METHODS: We used the Care, Health and Ageing of Russian-speaking Minority in Finland (CHARM) study, which is a nationally representative survey of community-dwelling Russian-speaking adults aged ≥50 years living in Finland (N=1082, 57% men, mean age 63.2 years, standard deviation 8.4 years, response rate 36%). Postal survey data were collected in 2019. Health indicators were self-rated health (SRH), depressive symptoms, cognitive functioning, and doctor-diagnosed conditions. Linear regression analyses were used to investigate the associations between health indicators and a summary scale consisting of the following barriers of internet use: (1) internet use is too complicated and hard to learn; (2) having concerns about safety issues; (3) internet use is too expensive; (4) physical limitations hinder the internet use; (5) memory problems hinder the internet use. In addition, the two most commonly reported barriers (the first two) were examined separately using logistic regression analyses. The analyses were adjusted for age, sex, education, marital status, local language proficiency, and income support, and the health conditions, and were performed with weights accounting for the survey design and non-response. RESULTS: After adjustments, spine/back problems (b=0.13; p=0.049), depressive symptoms (b=0.40; p=0.007), and problems in learning new things (b=0.60; p<0.0005) were associated with higher level of overall barriers to internet use. In addition, a number of health conditions were associated with individual barriers, albeit some health conditions appeared protective. CONCLUSIONS: In general, older migrants with declining health experience more barriers to internet use than their counterparts with better health. To provide better access to healthcare for older adults, including older migrants, rapidly changing devices, software and apps need to be modified and adapted for those with specific health-related needs."
27093905,Transnational Motherhood: Health of Hispanic Mothers in the United States Who Are  Separated From Children.,2017,J Transcult Nurs,Journal Article,eng,"Immigration often results in the separation of families, and in particular  transnational parenting, which is the separation of mothers from children. Transnational mothers may have greater risks for poor mental health and behavioral conditions such as substance abuse, violence, sexual risk, and depression. This study was a secondary analysis of self-reported data from 425 Hispanic mothers (328 with no separations, 60 separated from an adult child, and 37 separated from a minor child) enrolled in a randomized trial of a sexual health group intervention in South Florida (USA). Separations were related to mother's age, years in the United States, family income, number of people living on income, acculturation to the United States, occupational/economic stress, immigration stress, and lifetime exposure to abuse. A follow-up analysis described the types of childhood or adulthood abuse experienced by mothers with separations. These findings provide new information for nurses about the experience of immigrant mothers."
32123052,Burnout and Emotional Well-Being among Nephrology Fellows: A National Online  Survey.,2020,J Am Soc Nephrol,"Journal Article; Research Support, Non-U.S. Gov't",eng,"BACKGROUND: Physician burnout and emotional distress are associated with work  dissatisfaction and provision of suboptimal patient care. Little is known about burnout among nephrology fellows. METHODS: Validated items on burnout, depressive symptoms, and well being were included in the American Society of Nephrology annual survey emailed to US nephrology fellows in May to June 2018. Burnout was defined as an affirmative response to two single-item questions of experiencing emotional exhaustion or depersonalization. RESULTS: Responses from 347 of 808 eligible first- and second-year adult nephrology fellows were examined (response rate=42.9%). Most fellows were aged 30-34 years (56.8%), male (62.0%), married or partnered (72.6%), international medical graduates (62.5%), and pursuing a clinical nephrology fellowship (87.0%). Emotional exhaustion and depersonalization were reported by 28.0% and 14.4% of the fellows, respectively, with an overall burnout prevalence of 30.0%. Most fellows indicated having strong program leadership (75.2%), positive work-life balance (69.2%), presence of social support (89.3%), and career satisfaction (73.2%); 44.7% reported a disruptive work environment and 35.4% reported depressive symptoms. Multivariable logistic regression revealed a statistically significant association between female gender (odds ratio [OR], 1.90; 95% confidence interval [95% CI], 1.09 to 3.32), poor work-life balance (OR, 3.97; 95% CI, 2.22 to 7.07), or a disruptive work environment (OR, 2.63; 95% CI, 1.48 to 4.66) and burnout. CONCLUSIONS: About one third of US nephrology fellows surveyed reported experiencing burnout and depressive symptoms. Further exploration of burnout-especially that reported by female physicians, as well as burnout associated with poor work-life balance or a disruptive work environment-is warranted to develop targeted efforts that may enhance the educational experience and emotional well being of nephrology fellows."
38064472,Simplifying phrases in depression screens: Interpreters' views on usefulness in  six languages.,2023,PLoS One,"Journal Article; Research Support, Non-U.S. Gov't",eng,"Assessments and treatments of mental health conditions such as depression use  language that may be difficult to understand or translate. Here, we studied how interpreters assessed the usefulness of simplifying the language of a depression screen. Two alternative versions of the PRIME-MD PHQ depression screen were generated, with increasing linguistic simplicity. All the versions (standard, moderately simplified and most simplified) were translated from Finnish into Arabic, English, Farsi, Russian, and Swedish. Ten professional interpreters then assessed the different usefulness aspects of the three versions. The interpreters' perceptions of usefulness of the different language versions for clients varied, and both simplified versions of the depression screen were commonly considered useful for interpreting contexts. The usefulness of the simplified language versions was seen as especially important for clients with multiple linguistic challenges, caused by, for example, dementia and immigration backgrounds. The language of depression screens can be greatly simplified. Simplified versions may significantly improve the accessibility of questionnaires for the wide range of individuals with compromised language competence. Simplified versions may also be helpful for inter-language interpreting in health care, and importantly, they may facilitate the transparency and cross-cultural calibration needed in evidence-based medicine."
38702344,Decoding the impact of night/day shiftwork on well-being among healthcare  workers.,2024,Sci Rep,"Journal Article; Research Support, Non-U.S. Gov't",eng,"This study delved into the complex effects of work schedules on the well-being of  healthcare professionals, spotlighting Nigeria's medical landscape. A diverse cohort of 387 participants, spanning doctors, nurses, pharmacists, and laboratory technicians or scientists, formed the research base, with the majority being women (67.7%), with a mean age of 34.67 years. Professionals self-reported their predominant schedules to gauge work patterns, classifying them as day or night shifts. The World Health Organization Quality of Life Brief Version (WHOQOL-BREF) tool assessed the quality of life across the physical, psychological, social relationship, and environmental domains. Psychological distress was measured using the Depression, Anxiety, and Stress Scales (DASS), and perceived social support was evaluated via the Multidimensional Scale of Perceived Social Support (MSPSS). A cross-sectional design was adopted, and the study employed moderated mediation analysis using SmartPLS 4.0. The results underscored the significant ramifications of night shifts on environmental and physical well-being. Psychological health and social relationships were better among day shift than night shift workers. There was a pronounced correlation between night shifts and heightened levels of anxiety, stress, and depression. The mediating role of psychological distress and the moderating influence of social support in these relationships were evident. This study offers invaluable insights into the role of work schedules in shaping the well-being of healthcare professionals, emphasising the protective role of social support and the unique challenges faced by migrant health workers."
31650305,"Private religion/spirituality, self-rated health, and mental health among US  South Asians.",2020,Qual Life Res,Journal Article,eng,"PURPOSE: Connections between private religion/spirituality and health have not  been assessed among US South Asians. The aim of this study was to examine the relationship between private religion/spirituality and self-rated and mental health in a community-based sample of US South Asians. METHODS: Data from the Mediators of atherosclerosis in South Asians living in America (MASALA) study (collected 2010-2013 and 2015-2018) and the attendant study on stress, spirituality, and health (n = 881) were analyzed using OLS regression. Self-rated health measured overall self-assessed health. Emotional functioning was measured using the mental health inventory-3 index (MHI-3) and Spielberger scales assessed trait anxiety and trait anger. Private religion/spirituality variables included prayer, yoga, belief in God, gratitude, theistic and non-theistic spiritual experiences, closeness to God, positive and negative religious coping, divine hope, and religious/spiritual struggles. RESULTS: Yoga, gratitude, non-theistic spiritual experiences, closeness to God, and positive coping were positively associated with self-rated health. Gratitude, non-theistic and theistic spiritual experiences, closeness to God, and positive coping were associated with better emotional functioning; negative coping was associated with poor emotional functioning. Gratitude and non-theistic spiritual experiences were associated with less anxiety; negative coping and religious/spiritual struggles were associated with greater anxiety. Non-theistic spiritual experiences and gratitude were associated with less anger; negative coping and religious/spiritual struggles were associated with greater anger. CONCLUSION: Private religion/spirituality is associated with self-rated and mental health. Opportunities may exist for public health and religious care professionals to leverage existing religion/spirituality for well-being among US South Asians."
17650339,Use of mental health services among disaster survivors: predisposing factors.,2007,BMC Public Health,Journal Article,eng,"BACKGROUND: Given the high prevalence of mental health problems after disasters  it is important to study health services utilization. This study examines predictors for mental health services (MHS) utilization among survivors of a man-made disaster in the Netherlands (May 2000). METHODS: Electronic records of survivors (n = 339; over 18 years and older) registered in a mental health service (MHS) were linked with general practice based electronic medical records (EMRs) of survivors and data obtained in surveys. EMR data were available from 16 months pre-disaster until 3 years post-disaster. Symptoms and diagnoses in the EMRs were coded according to the International Classification of Primary Care (ICPC). Surveys were carried out 2-3 weeks and 18 months post-disaster, and included validated questionnaires on psychological distress, post-traumatic stress reactions and social functioning. Demographic and disaster-related variables were available. Predisposing factors for MHS utilization 0-18 months and 18-36 months post-disaster were examined using multiple logistic regression models. RESULTS: In multiple logistic models, adjusting for demographic and disaster related variables, MHS utilization was predicted by demographic variables (young age, immigrant, public health insurance, unemployment), disaster-related exposure (relocation and injuries), self-reported psychological problems and pre- and post-disaster physician diagnosed health problems (chronic diseases, musculoskeletal problems). After controlling for all health variables, disaster intrusions and avoidance reactions (OR:2.86; CI:1.48-5.53), hostility (OR:2.04; CI:1.28-3.25), pre-disaster chronic diseases (OR:1.82; CI:1.25-2.65), injuries as a result of the disaster (OR:1.80;CI:1.13-2.86), social functioning problems (OR:1.61;CI:1.05-2.44) and younger age (OR:0.98;CI:0.96-0.99) predicted MHS utilization within 18 months post-disaster. Furthermore, disaster intrusions and avoidance reactions (OR:2.29;CI:1.04-5.07) and hostility (OR:3.77;CI:1.51-9.40) predicted MHS utilization following 18 months post-disaster. CONCLUSION: This study showed that several demographic and disaster-related variables and self-reported and physician diagnosed health problems predicted post-disaster MHS-use. The most important factors to predict post-disaster MHS utilization were disaster intrusions and avoidance reactions and symptoms of hostility (which can be identified as symptoms of PTSD) and pre-disaster chronic diseases."
40307864,Migrants' experiences as health ambassadors during the COVID-19 pandemic in  Norway-a qualitative study.,2025,Int J Equity Health,"Journal Article; Research Support, Non-U.S. Gov't",eng,"BACKGROUND: In response to the high incidence of COVID-19 infections among  migrants, and lack of information, several interventions relying on migrants to deliver information to their peers were implemented. Although these strategies seem to be effective, the experiences of the migrants disseminating health information have not been studied. The Health Ambassador Project (HA-project) was one of such projects connecting key members from migrant communities (Health Ambassadors (HAs)) with health experts and the municipality, to disseminate health information to migrants. The HA-project was conducted in Bergen, Norway, in 2021-2022. This study aims to understand the experiences of the HAs during their involvement in the HA-project, how their role affected them in positive or negative ways and how they coped with eventual difficulties in the role. METHODS: We conducted individual interviews in January 2023 with seven HAs. The interviews were transcribed and analyzed using systematic text condensation. FINDINGS: Participating in the HA-project was predominantly a positive experience for all HAs, by acquiring a sense of meaning and of being considered a valuable resource during the COVID-19 pandemic. There were positive social and professional aspects related to being able to meet other HAs and learning from each other's experiences. However, psychological distress was reported related to the responsibility of conveying correct health information about the COVID-19 pandemic to fellow migrants and fighting misinformation. Several HAs used more of their free time than was expected of them, helping people in practical ways. HAs from Ukraine joined the project in 2022 and experienced their roles as more stressful given limitations in the availability of interpretation when collaborating with the experts. CONCLUSION: Targeted health interventions relying on migrants to address their peers should consider the experiences of those distributing information and minimize their psychological stress."
28637536,Mental health morbidity among people subject to immigration detention in the UK:  a feasibility study.,2018,Epidemiol Psychiatr Sci,Journal Article,eng,"AIMS: The UK has one of the largest systems of immigration detention in Europe..  Those detained include asylum-seekers and foreign national prisoners, groups with a higher prevalence of mental health vulnerabilities compared with the general population. In light of little published research on the mental health status of detainees in immigration removal centres (IRCs), the primary aim of this study was to explore whether it was feasible to conduct psychiatric research in such a setting. A secondary aim was to compare the mental health of those seeking asylum with the rest of the detainees. METHODS: Cross-sectional study with simple random sampling followed by opportunistic sampling. Exclusion criteria included inadequate knowledge of English and European Union nationality. Six validated tools were used to screen for mental health disorders including developmental disorders like Personality Disorder, Attention Deficit Hyperactivity Disorder (ADHD), Autistic Spectrum Disorder (ASD) and Intellectual Disability, as well as for needs assessment. These were the MINI v6, SAPAS, AQ-10, ASRS, LDSQ and CANFOR. Demographic data were obtained using a participant demographic sheet. Researchers were trained in the use of the screening battery and inter-rater reliability assessed by joint ratings. RESULTS: A total of 101 subjects were interviewed. Overall response rate was 39%. The most prevalent screened mental disorder was depression (52.5%), followed by personality disorder (34.7%) and post-traumatic stress disorder (20.8%). 21.8% were at moderate to high suicidal risk. 14.9 and 13.9% screened positive for ASD and ADHD, respectively. The greatest unmet needs were in the areas of intimate relationships (76.2%), psychological distress (72.3%) and sexual expression (71.3%). Overall presence of mental disorder was comparable with levels found in prisons. The numbers in each group were too small to carry out any further analysis. CONCLUSION: It is feasible to undertake a psychiatric morbidity survey in an IRC. Limitations of the study include potential selection bias, use of screening tools, use of single-site study, high refusal rates, the lack of interpreters and lack of women and children in study sample. Future studies should involve the in-reach team to recruit participants and should be run by a steering group consisting of clinicians from the IRC as well as academics."
25385090,Examining Pre-migration Health Among Filipino Nurses.,2015,J Immigr Minor Health,"Journal Article; Research Support, N.I.H., Extramural; Research Support, Non-U.S. Gov't",eng,"The healthy immigrant hypothesis asserts that immigrants arrive in the receiving  country healthier than same race/ethnic counterparts born there. Contemporary research, however, has not evaluated pre-migration health among migrants, nor has explicitly considered comparisons with non-migrants in the country of origin. Pre-migration health was examined among 621 Filipino nurses, including self-reported physical health, mental health, health behaviors, and social stress. Measures were compared by intention to migrate and also tested as predictors of actual migration using time-to-event analysis. Nurses intending to migrate had higher proportion of depression and reported higher general perceived stress compared to those not. Predictors of actual migration included age, mentally unhealthy days, social strain, and social support. Physical health and health behavior measures had no association with migration intention or actual migration. Findings suggest that, relative to those not intending to migrate, nurses intending to migrate have worse mental health status and social stress; and, do not have a physical health advantage. Future research must span the pre- to post-migration continuum to better understand the impact of moving from one country to another on health and well-being."
29936911,The tip of the iceberg: postpartum suicidality in Israel.,2018,Isr J Health Policy Res,Journal Article,eng,"BACKGROUND: Postpartum suicidality, a result of extreme distress or depression,  is a tragedy for the woman, infant, and family. Screening for postpartum depression (PPD) is mandatory in Israel, including a question on suicidal ideation. This study presents and analyzes data regarding rates, trends and characteristics of postpartum women who considered, attempted, or completed suicide, to help direct services aimed at preventing these occurrences. METHODS: Suicidal ideation data based on PPD screening was drawn from various publications and databases. Suicide attempt data was obtained from the Emergency Department database for 2006-2015 and matched with the National Birth Registry. Cause of death from the national database for those years were similarly linked to births to identify postpartum suicides and deaths. Postpartum and non-postpartum suicide attempt rates were computed by year, and by age and ethnic/immigrant group. A multivariate logistic model was used to estimate relative risk for postpartum attempts, controlling for age and ethnic group. RESULTS: Suicidal ideation in recent years has been reported as 1% or less, with higher rates found in studies of Arab women. Suicide attempt rates for non-postpartum women were 3-5 times that of postpartum women, rising over the years, while remaining relatively stable for postpartum women. Adjusted risk of suicide attempt for non-postpartum women was significantly higher; adjusted odds ratio was 4.08 (95% CI 3.75-4.44). It was also significantly higher for Arabs and immigrants from the Former Soviet Union, compared to Israeli-born Jews/veteran immigrants, and for younger women compared to those aged 35-44. Seven postpartum suicides were recorded during 2006-2015, a rate of 0.43 per 100,000 births. CONCLUSION: Postpartum suicidality in Israel is low relative to other countries. Although relatively rare and lower than among non-postpartum women, health professionals should be attentive to risk factors, such as past psychiatric disorders, suicide attempts and current emotional distress, particularly among higher-risk populations. The universal screening program for PPD is a valuable opportunity for this, but increased resources should be allotted to implement and utilize it optimally. Prenatal screening should be added as an Israeli Quality Indicator, and postpartum completed suicides should be thoroughly investigated to guide prevention efforts."
36286247,Examining Processes of Care Redesign: Direct Observation of Group Well-Child  Care.,2023,Clin Pediatr (Phila),"Journal Article; Research Support, N.I.H., Extramural; Research Support, Non-U.S. Gov't",eng,"We sought to describe processes of psychosocial screening and discussion with  immigrant Latino families in the context of group well-child care. We conducted longitudinal direct observations of the 1-, 2-, 4-, and 6-month visits of 7 group well-child care cohorts at an academic pediatric clinic using unstructured observations of visit and group processes as well as structured observations to code facilitators' behavior. A range of psychosocial and social determinants of health topics were incorporated into discussions. In general, providers skillfully navigated group discussions, but inconsistently introduced the visit purpose. Asking participants to define psychosocial terms (eg, stress) and conversations about managing fussy infants were effective strategies to engage families in psychosocial discussions (eg, about postpartum depression). Some challenges with workflow were identified. Strategies to enhance screening and discussion of psychosocial topics may benefit from adaptation to maximize the effectiveness of this care mechanism."
30389055,HIV and religion in HIV-infected Asians and their families: A qualitative study.,2018,Appl Nurs Res,"Journal Article; Research Support, N.I.H., Extramural",eng,"AIM: This paper examines HIV-infected Asian Americans' experiences with religion  throughout the course of their illness and their family relationships. BACKGROUND: As the number of Asians in the United States continues to grow, health professionals are beginning notice obvious gaps of knowledge in caring for this population, including HIV-infected individuals. Little is known about the impact of religion and faith on Asian Americans with HIV and their families. The study focuses on the participants' reported experiences to understand the variety of roles religion can play in the progression of a highly stigmatized chronic disease. METHODS: An in-depth interview was conducted in San Francisco and New York City with 30 HIV-infected Asians. Narrative samples and summarized responses was used to highlight themes that emerged from the participants' anecdotes. Interpretive content analysis was employed. RESULTS: These groups were categorized as (a) those who did not adhere to any religion, (b) those of tenuous religious faith with conflicted feelings, and (c) those of strong religious faith with congruent beliefs. Within these three groups, various themes were synthesized from the members' perceptions and past experiences with religion. Within each group, participants displayed various stages of reconciliation with their current faith-related beliefs and escape the family stress from their religion practices. Each participant's story shown the vast range of human understanding and faith experiences including self-actualization, acculturation, and depression. CONCLUSIONS: This research provides new insight on the challenge of managing HIV-infected patients in a culturally and religiously appropriate manner."
38010823,Interactions of perinatal depression versus anxiety and infants' early  temperament trajectories.,2024,Child Dev,Journal Article,eng,"This study examines the interplay between maternal depression/anxiety and infant  temperament's developmental trajectory in 1687 Swedish-speaking mother-infant dyads from Uppsala County (2009-2019), Sweden. The sample includes a high proportion of university-educated individuals and a low share of foreign-born participants. Maternal depressive and anxiety symptoms were assessed using the Edinburgh Postnatal Depression Scale during gestational weeks 17 and 32 and postpartum at week 6. Multinomial regression explored associations between maternal variables and infant temperament trajectories at 6 weeks, 12 months, and 18 months. Prenatal anxiety is associated with the high-rising infant difficult temperament trajectory, while prenatal depression/anhedonia is associated with the stable-medium trajectory, attenuated postpartum. Associations between infant temperament and maternal mood depended on timing (pre/postpartum) and symptom type (depression/anhedonia vs. anxiety)."
20821266,Assessing psychological symptoms in recent immigrant adolescents.,2011,J Immigr Minor Health,"Journal Article; Research Support, N.I.H., Extramural; Research Support, Non-U.S. Gov't",eng,"Immigrant youth are often exposed to numerous psychosocial stressors, placing  them at risk for psychological distress. Little research assesses psychopathology in this population during early stages of acculturation. This study compared student and teacher reports of psychological symptoms in a diverse sample of recently immigrated youth. Students (N = 174) attended public high schools in a northeastern city. Students and teachers independently completed the Achenbach System of Empirically Based Assessment, and four DSM-derived subscales were explored. Psychological symptoms among immigrant students were higher than normative rates. Across all subscales, teacher ratings of student symptoms were significantly lower than student self-reported symptoms, and this difference was larger than that found in a normative sample. Results suggest that many immigrant youth experience psychological problems but may not be perceived as being in distress. Therefore, the most effective assessment approach may be active screening, rather than relying on self initiated help-seeking or teacher observation alone."
14573588,Women brothel workers and occupational health risks.,2003,J Epidemiol Community Health,Journal Article; Multicenter Study,eng,"STUDY OBJECTIVES: This study examined working conditions, reported morbidity,  symptoms of post-traumatic stress disorder (PTSD) and depression and their relation to an index of occupational health risk among women working in brothels in Israel. DESIGN: Personal structured interviews with a scale of occupational risk that included seven self report items reflecting past and present morbidity and symptoms. PARTICIPANTS AND SETTING: A purposive sample of 55 women in three cities in Israel, between the ages of 18-38. MAIN RESULTS: Most (82%) women were trafficked into Israel to work illegally in prostitution, effectively deriving them of access to discretionary health care. A third of the sample (32%) had a high score (between 3 to 6) on the index of occupational risk factors. A high score was not related to recent physician or gynaecological visits and was more common among illegal workers than those with residence status. A set of regression analyses showed that the most significant predictors of reporting a high level of occupational risk symptoms were starting sex work at an early age, the number of hours worked in a day, a history of suicide attempts and PTSD symptoms. CONCLUSIONS: High occupational risk was found to be unrelated to recent physician or gynaecological visits, indicating that these visits were most probably controlled by the brothel owners and not by medical need as perceived by the women themselves. Furthermore, occupational risk factors were associated with some of the working and background conditions reported by women brothel workers. There is an urgent need for medical care for this high risk group."
32316516,Depressive Symptoms and the Link with Academic Performance among Rural Taiwanese  Children.,2020,Int J Environ Res Public Health,"Journal Article; Research Support, Non-U.S. Gov't",eng,"Previous studies reflect a high prevalence of depressive symptoms among Taiwanese  adolescents (ages 13-18), but there is an absence of literature related to the risk of depression of children in Taiwan (ages 6-12), particularly among potentially vulnerable subgroups. To provide insight into the distribution of depressive symptoms among children in rural Taiwan and measure the correlation between academic performance, we conducted a survey of 1655 randomly selected fourth and fifth-grade students at 92 sample schools in four relatively low-income counties or municipalities. Using the Center for Epidemiological Studies-Depression Scale (CES-D) we assessed the prevalence of depressive symptoms in this sample, in addition to collecting other data, such as performance on a standardized math test as well as information on a number of individual and household characteristics. We demonstrate that the share of children with clinically significant symptoms is high: 38% of the students were at risk of general depression (depression score ≥ 16) and 8% of the students were at risk of major depression (depression score > 28). The results of the multivariate regression and heterogeneous analysis suggest that poor academic performance is closely associated with a high prevalence of depressive symptoms. Among low-performing students, certain groups were disproportionately affected, including girls and students whose parents have migrated away for work. Results also suggest that, overall, students who had a parent who was an immigrant from another country were at greater risk of depression. These findings highlight the need for greater resource allocation toward mental health services for elementary school students in rural Taiwan, particularly for at-risk groups."
31806009,Preferences for mental health treatment for post-partum depression among new  mothers.,2019,Isr J Health Policy Res,"Journal Article; Multicenter Study; Research Support, Non-U.S. Gov't",eng,"BACKGROUND: The prevalence rate of postpartum depression (PPD) is 9 to 17% among  mothers, with higher rates among low income and immigrant populations. Due to the negative effects of PPD symptoms on both the mother and baby, treating mothers with depression symptoms is of great importance. This study examined treatment preferences for PPD among Israeli mothers with and without PPD symptoms, specifically focusing on treatment centers, type of professional and mode of treatment, to help develop relevant policies to promote the health of mothers by reaching a deeper understanding of their preferences. METHODS: 1000 mothers who attended Maternal Child Health Clinics (MCHCs) in Israel for their infant's first medical exam participated in a cross-sectional survey. RESULTS: In this sample, 8.4% of the participants suffered from PPD. Mothers with PPD compared to those without symptoms had lower economic status, were more likely to be single, to be first-time mothers, have an unemployed partner and to have immigrated to Israel. Mothers with PPD preferred private mental health practice and community treatment centers by mental healthcare professionals. They also preferred group interventions and personal psychotherapy rather than technology-based interventions. CONCLUSIONS: The study findings support the formulation of mother-sensitive health policies based on understanding mothers' preferences, and thus, help prepare treatment alternatives that will suit different groups of mothers with PPD, for the benefit of mothers, newborns, and families. Disseminating the results of this study among professionals as part of professional training, can promote appropriate treatment facilities and modes of care for mothers with PPD."
39742992,Factors Associated With Habitual Drug Use Among Adolescents: A Secondary Data  Analysis.,2025,Asian Nurs Res (Korean Soc Nurs Sci),Journal Article,eng,"PURPOSE: Drug use during adolescence can have lasting health consequences, and  understanding the factors that contribute to drug use is essential for effective prevention. This study aimed to identify the factors influencing habitual drug use among South Korean adolescents. It employed Bronfenbrenner's ecological model to examine personal, familial, school-related, and social factors. METHODS: The study analyzed data from the 19th Korea Youth Risk Behavior Survey for 41,928 students from 1st grade of middle school to 3rd grade of high school. Data analysis involved cross-tabulation and logistic regression for complex samples. RESULTS: The prevalence of habitual drug use was 1.4%. Significant personal factors included smoking [adjusted odds ratio (aOR) = 2.61], alcohol consumption (aOR = 1.55), sexual intercourse (aOR = 1.45), smartphone overdependence (high-risk group aOR = 2.04, potential risk group aOR = 1.31), suicidal ideation (aOR = 2.66), depressed mood (aOR = 1.87), and loneliness (aOR = 1.88). Significant family factors included non-cohabitation with family (aOR = 1.86) and both parents being foreign-born (aOR = 3.36). Experience of violence (aOR = 2.95) was also a significant factor. CONCLUSION: This study highlights the need for an integrated approach to prevent adolescent drug use by addressing adolescents' personal behaviors, family dynamics, and school environments. Prevention programs should account for the influence of multiple systems on habitual drug use. School and community nurses should adopt a comprehensive, multi-dimensional strategy that involves families, schools, and communities to prevent adolescent drug use. Additionally, there is a need to develop family-centered and culturally sensitive drug prevention programs for adolescents."
26837428,Identifying medical students at risk of underperformance from significant  stressors.,2016,BMC Med Educ,Journal Article,eng,"BACKGROUND: Stress is associated with poorer academic performance but identifying  vulnerable students is less clear. A series of earthquakes and disrupted learning environments created an opportunity to explore the relationships among stress, student factors, support and academic performance within a medical course. METHODS: The outcomes were deviations from expected performances on end of year written and clinical examinations. The predictors were questionnaire-based measures of connectedness/support, impact of the earthquakes, safety, depression, anxiety, stress, resilience and personality. RESULTS: The response rate was 77%. Poorer than expected performance on all examinations was associated with greater disruptions to living arrangements and fewer years in the country; on the written examination with not having a place to study; and on the clinical examination with relationship status, not having the support of others, less extroversion, and feeling less safe. There was a suggestion of a beneficial association with some markers of stress. CONCLUSION: We show that academic performance is assisted by students having a secure physical and emotional base. The students who are most vulnerable are those with fewer social networks, and those who are recent immigrants."
34252076,"Psychological distress, resettlement stress, and lower school engagement among  Arabic-speaking refugee parents in Sydney, Australia: A cross-sectional cohort study.",2021,PLoS Med,"Journal Article; Research Support, Non-U.S. Gov't",eng,"BACKGROUND: Schools play a key role in supporting the well-being and resettlement  of refugee children, and parental engagement with the school may be a critical factor in the process. Many resettlement countries have policies in place to support refugee parents' engagement with their children's school. However, the impact of these programs lacks systematic evaluation. This study first aimed to validate self-report measures of parental school engagement developed specifically for the refugee context, and second, to identify parent characteristics associated with school engagement, so as to help tailor support to families most in need. METHODS AND FINDINGS: The report utilises 2016 baseline data of a cohort study of 233 Arabic-speaking parents (77% response rate) of 10- to 12-year-old schoolchildren from refugee backgrounds across 5 schools in Sydney, Australia. Most participants were born in Iraq (81%) or Syria (11%), and only 25% spoke English well to very well. Participants' mean age was 40 years old, and 83% were female. Confirmatory factor analyses were run on provisional item sets identified from a literature review and separate qualitative study. The findings informed the development of 4 self-report tools assessing parent engagement with the school and school community, school belonging, and quality of the relationship with the schools' bilingual cultural broker. Cronbach alpha and Pearson correlations with an established Teacher-Home Communication subscale demonstrated adequate reliability (α = 0.67 to 0.80) and construct and convergent validity of the measures (p < 0.01), respectively. Parent characteristics were entered into respective least absolute shrinkage and selection operator (LASSO) regression analyses. The degree of parents' psychological distress (as measured by the Kessler10 self-report instrument) and postmigration living difficulties (PLMDs) were each associated with lower school engagement and belonging, whereas less time lived in Australia, lower education levels, and an unemployed status were associated with higher ratings in relationship quality with the schools' cultural broker. Study limitations include the cross-sectional design and the modest amount of variance (8% to 22%) accounted for by the regression models. CONCLUSIONS: The study offers preliminary refugee-specific measures of parental school engagement. It is expected they will provide a resource for evaluating efforts to support the integration of refugee families into schools. The findings support the need for initiatives that identify and support parents with school-attending children from refugee backgrounds who are experiencing psychological distress or resettlement stressors. At the school level, the findings suggest that cultural brokers may be effective in targeting newly arrived families."
33104967,How the Coronavirus Lockdown Impacts the Impoverished in India.,2021,J Racial Ethn Health Disparities,Journal Article,eng,"In response to the coronavirus pandemic, several countries have imposed curfews,  quarantines, and lockdowns to restrict the spread of the infection among people. India had initiated a nationwide lockdown to combat the pandemic starting from the last week of March until the end of May 2020. But, the lockdown had continued subsequently in several red zones across parts of the country for few months. However, scientists have criticized the government's abrupt lockdown since it prevented people from preparing for the worst aftermath. Besides, the curfews have blocked millions of impoverished migrant workers from leaving cities to return to their homes in distant rural villages. As a result, the destitute workers have endured enormous hardship and outright discrimination desolately leading to their added physical and mental distress, pain, suffering, and death. Most of the victims of the lockdown have belonged to the economically distressed lower social classes of the Indian caste hierarchy. This article outlines their sufferings triggered by the long drawn-out lockdown episode."
29246120,Depressive symptoms and negative life events: What psycho-social factors protect  or harm left-behind children in China?,2017,BMC Psychiatry,Journal Article,eng,"BACKGROUND: In China, children under 18 years old who are left at rural  residences for at least 6 months by either one or both of their parents migrating to work in cities are called ""left-behind children (LBC)"". Due to restricted family support, they are at a greater risk of developing depressive symptoms than non-left-behind children (NLBC). The objective of this study is to explore how depressive symptoms and stress induced by negative life events such as interpersonal conflicts, punishment and loss, as well as their relationships vary for LBC with different left-behind-related characteristics. METHODS: Using data from a large school-based survey conducted in Chongqing between December 2012 and June 2013, we first identified the differences in depressive symptoms and negative-event-induced stress between LBC and NLBC, and then analyzed the variances among LBC with different left-behind-related characteristics. The data was analyzed with Chi-square test, MANCOVA, ANCOVA, ANOVA, T-test and hierarchical multiple regression analyses. RESULTS: We found that LBC were more stressed when experiencing negative events and had more depressive symptoms than NLBC. Children left behind by both parents were most depressed. Negative-event-induced stress and communication on life difficulties with migrant parents were risk factors for depressive symptoms, whereas adequate communication on academic performance or children's feelings was a protective factor against depressive symptoms. Communication duration and frequency, communication by visiting, communication on academic performance, life difficulties and children's feelings moderated the relationship between stress and depressive symptoms, respectively. Duration of separation, communication duration and frequency, communication on academic performance, learning difficulties and children's feelings moderated the relation between the type of parental migration and depressive symptoms, respectively. CONCLUSIONS: Our findings suggest that children left behind by both parents should be the focus of public attention for their higher susceptibility to stress-related depression. To help LBC stay mentally healthy, governments need to formulate regulations contributing to LBC's family reunion, communities need to involve more residents to attend LBC as ""surrogate parents"" and teach migrant parents to communicate with LBC properly, and schools need to teach LBC how to deal with stress and communicate with migrant parents."
30158447,Loneliness at Universities: Determinants of Emotional and Social Loneliness among  Students.,2018,Int J Environ Res Public Health,"Journal Article; Research Support, Non-U.S. Gov't",eng,"The transition from school to university is associated with social, structural,  and behavioral changes. These changes may be related to feelings of loneliness, which are in turn related to morbidity. The authors' aim was to quantify loneliness among students and to identify its determinants and its relation to transition-related variables (e.g., changes in weight, diet, or physical activity since the transition from high school to university). Coming from across Germany, 689 students participated in the Nutrition and Physical Activity in Adolescence (NuPhA) survey (16⁻29 years; 69.5% female). Associations of loneliness with the above-mentioned aspects were analyzed using descriptive statistics and linear regressions. Altogether, 32.4% felt moderately lonely and 3.2%, severely lonely. Emotional loneliness was more common than social loneliness (severe loneliness: 7.7% vs. 3.2%). Both were positively associated with feelings of depression and anxiety. Being married or in a committed relationship seemed to be protective factors for emotional loneliness. Physical inactivity, an immigrant background, and studying social sciences were related to higher social loneliness. Transition-related variables produced mixed results. In conclusion, this study's findings indicated that loneliness seemed to be prevalent in university students. The authors identified important starting points for interventions to prevent loneliness. Such interventions may help reduce the disease burden in the students' future professional life."
12596091,Emotional and behavioral problems in migrant children.,2003,Swiss Med Wkly,Comparative Study; Journal Article,eng,"OBJECTIVES: To assess emotional (depression, anxiety and self-esteem) and  behavioural problems in migrant children and to compare them with non-migrant children. METHODS: 526 students (60% boys, 40% girls) aged 11.23 +/- 1.05, at five schools in Adana, Turkey in areas with a high migrant population were included in this study. 182 children (35%) were migrants and 344 children (65%) were non-migrants. The Depression Inventory for Children (CDI), the State-Trait Anxiety Inventory for Children (STAI-C) and the Coopersmith Self-Esteem Inventory (CSEI) were administered to the pupils at their school and Rutter's Teachers Rating Scale (RTRS) was administered to their teachers. Sociodemographic variables were recorded on the basis of school records and the children's report. RESULTS: In the migrant group, fathers were less educated and had more employment problems, homes were rented and the children were unsuccessful at school. Migrant children had significantly lower self-esteem with higher depression and anxiety. Behavioural symptoms on RTRS were not significant with regard to migration. No significant correlation was found between psychometric tests and father's education, duration of residence after migration or room density. CONCLUSIONS: We found significant emotional but no behavioural problems in Turkish migrant children compared to Turkish non-migrant children. Further prospective studies are needed to clarify the long-term course of the various types of distress and the individual prognosis of migrant adjustment."
32593122,COVID 19 pandemic: Mental health challenges of internal migrant workers of India.,2020,Asian J Psychiatr,Journal Article,eng,"COVID- 19, a biomedical disease has serious physical and tremendous mental health  implications as the rapidly spreading pandemic. One of the most vulnerable, but neglected, an occupational community of internal migrant workers is prone for development of psychological ill-effects due to double whammy impact of COVID-19 crisis and concomitant adverse occupational scenario. Permutations and combinations of the factors viz susceptibility for new viral infections, potential to act as vectors of transmission of infection, high prevalence of pre-existing physical health morbidities such as occupational pneumoconiosis, tuberculosis, HIV infections, pre-existing psychological morbidities, adverse psychosocial factors like absence of family support and caretaker during the crisis, their limitations to follow the rules and regulations of personal safety during the COVID 19 crisis, social exclusion, and inability to timely access the psychiatric services; all give rise to the peri-traumatic psychological distress to internal migrant workers. Superadded, is the blow of financial constraints due to loss of work, absence or suspension of occupational safety and health-related basic laws with associated occupational hazards, which make this occupational group highly vulnerable for the development of psychological illnesses. We attempt to draw the attention of mental health professionals, general medical practitioners and occupational health policymakers to the various, interrelated and interdependent predisposing and causative factors for the development of psychological ill-effects amongst internal migrant workers with the interventions needed to address it, from an occupational health perspective angle."
23092291,Health-related and social factors predicting non-reemployment amongst newly  unemployed.,2012,BMC Public Health,"Journal Article; Research Support, Non-U.S. Gov't",eng,"BACKGROUND: Many researchers have examined the effect that mental health has on  reemployment opportunities amongst the unemployed, but the results are inconclusive. Our aim in this study is to investigate the effects that different aspects of mental and physical health, as well as socio-demographic, social, and economic factors, have on reemployment. METHODS: A questionnaire was administered to 1,000 and answered by 502 newly registered unemployed Swedes, who were followed for one year using data from the Swedish National Labour Market Board. The differences between those reemployed and those not reemployed was analysed using stepwise logistic regression. RESULTS: General mental ill health amongst unemployed individuals measured by the General Health Questionnaire scale was associated with lower levels of reemployment after one year. This effect could not be explained by any of the scales measuring specific aspects of mental disease such as health-related level of function, rate of depression, burnout, or alcohol misuse. Instead being above 45, low control over one's financial situation, being an immigrant, and visiting a physician during the last three months were better predictors of failure to be reemployed. CONCLUSION: There are theoretical reasons to assume that psychological distress leads to a decreased reemployment rate amongst the unemployed. The results of this study partly endorse this hypothesis empirically, showing that general subjective mental distress decreases the rate of reemployment amongst newly unemployed individuals, although this effect was mediated by social and economic factors. Indicators of psychiatric disease had no significant effect on reemployment. The results of this study lead us to suggest the early introduction of financial counselling, psychological support, and other interventions for groups with lower reemployment rates."
32652988,"Immigration, acculturation, and preferred help-seeking sources for depression:  comparison of five ethnic groups.",2020,BMC Health Serv Res,Comparative Study; Journal Article,eng,"BACKGROUND: Immigrants are more likely than the majority population to have unmet  needs for public mental health services. This study aims to understand potential ethnic differences in preferred help-seeking sources for depression in Norway, and how such preferences relate to acculturation orientation. METHODS: A convenience sample of immigrants from Russia (n = 164), Poland (n = 127), Pakistan (n = 128), and Somalia (n = 114), and Norwegian students (n = 250) completed a survey. The sample was recruited from social media platforms, emails, and direct contact. The survey consisted of a vignette describing a moderately depressed person. Respondents were asked to provide advice to the person by completing a modified version of the General Help-Seeking Questionnaire. The immigrant sample also responded to questions about acculturation orientation using the Vancouver Index of Acculturation Scale. RESULTS: Significant differences were found in the endorsement of traditional (e.g., religious leader), informal (e.g., family), and semiformal (e.g., internet forum) help-sources between immigrant groups, and between immigrant groups and the Norwegian respondent group. Immigrants from Pakistan and Somalia endorsed traditional help sources to a greater extent than immigrants from Russia and Poland, and the Norwegian student sample. There were no ethnic differences in endorsement of formal mental help sources (e.g., a medical doctor). Maintenance of the culture of origin as the acculturation orientation was associated with preferences for traditional and informal help sources, while the adoption of mainstream culture was associated with semiformal and formal help-seeking sources. CONCLUSION: Ethnic differences in help-seeking sources need to be considered when designing and implementing mental health services."
32933007,"Uncertainties, Fear and Stigma: Perceptions of Zika Virus among Pregnant Women in  Spain.",2020,Int J Environ Res Public Health,"Journal Article; Research Support, Non-U.S. Gov't",eng,"Similar to other epidemics, knowledge about Zika virus (ZIKV) relies upon  information often coming from outside the health system. This study aimed to explore views, perceptions and attitudes towards ZIKV among migrant women from Central and South America, diagnosed with ZIKV infection during pregnancy, and to comprehend healthcare professionals' perceptions of ZIKV. An exploratory qualitative study, based on phenomenology and grounded theory, was conducted in Barcelona, Spain. Data were collected through in-depth and paired interviews with women diagnosed with ZIKV infection during pregnancy, and semi-structured interviews with healthcare professionals. Women showed good level of awareness of ZIKV, despite some knowledge gaps. The most consulted source of information about ZIKV was the Internet. Women expressed they suffered from anxiety and depression due to potential effects of ZIKV on their babies. They conveyed their sources of support came primarily from their partners and relatives, as well as healthcare professionals. This study stresses the dramatic health, social and emotional burden that the epidemic imposed on migrant women infected with ZIKV during pregnancy. These results may help guide psychosocial support and health measures for pregnant women and their children as part of the public health emergency response in emergent epidemics."
33242993,Depression as a Risk Factor for Physical Illness and Multimorbidity in a Cohort  with No Prior Comorbidity.,2021,Can J Psychiatry,"Journal Article; Research Support, Non-U.S. Gov't",eng,"OBJECTIVE: This study examines whether depression is associated with the  development of physical illness and multimorbidity, after controlling for socioeconomic, behavioral, and other potential confounders. METHODS: This is a retrospective cohort study in which adult respondents to three nationally representative population health surveys were linked to health administrative databases in Ontario, Canada, and followed for 10 years from survey index. Respondents with any of the study outcome conditions at baseline were excluded to create a final cohort of 29,838 participants. The main exposure of interest was depression, measured using the Composite International Diagnostic Interview-Short Form for Major Depression. We controlled for age, body mass index, marital status, immigrant status, annual household income, smoking, alcohol consumption, physical activity, health status, and having a regular doctor. The outcome measure was the development of physical illness over 10 years of follow-up, defined as 1 of 15 common chronic conditions using administrative data. RESULTS: Among the 29,838 participants (15,259 [51%] female), 8% of females and 4% of males had depression at baseline. In this cohort with no comorbidities at baseline, even in the fully adjusted model, depression increased the risk of developing a first physical illness for females (hazard ratio [HR] 1.16; 95% CI, 1.07 to 1.26) and males (HR 1.20; 95% CI, 1.07 to 1.36) and increased the risk of developing a second physical illness for females (HR 1.16; 95% CI, 1.02 to 1.33) over 10 years of follow-up. CONCLUSIONS: For individuals with no prior comorbidities, depression is associated with a greater risk of developing subsequent physical illness and multimorbidity over time. Thus, depression identifies a population of people who may benefit from early identification, additional screening, and intervention. Further study needs to be done to determine whether interventions to manage and support people with depression can prevent or delay the increased risk of multimorbidity."
38963477,Feasibility and Acceptability of a Video Group Psychoeducational Intervention  with Latina Immigrant Mothers to Enhance Infant Primary care.,2024,J Immigr Minor Health,Journal Article,eng,"Standard models of well-child care may not sufficiently address preventive health  needs of immigrant families. To augment standard individual well-child care, we developed a virtual group-based psychoeducational intervention, designed to be delivered in Spanish as a single, stand-alone session to female caregivers of 0-6 month-olds. The intervention included a video testimonial of an individual who experienced perinatal depression followed by a facilitated discussion by the clinic social worker and an orientation to relevant community resources by a community health worker. To assess feasibility and acceptability of the intervention, we conducted an open pilot within an academic pediatric practice serving predominantly Latinx children in immigrant families. Participants included 19 female caregivers of infants attending the practice, of whom 16 completed post-intervention measures and 13 completed post-intervention semi-structured interviews. Quantitative measures of acceptability and satisfaction with the intervention were high. We found preliminary effects of the intervention on postpartum depression knowledge and stigma in the expected direction. In interviews, participants described increases in their familiarity with postpartum depression and about relevant community resources, including primary care for caregivers. Participants reported an appreciation for the opportunity to learn from other caregivers and provided suggestions for additional topics of interest. Trial registration: Registered 6/21/22 as NCT05423093."
30907167,Self-perceived mobility in immigrants in Sweden living with the late effects of  polio.,2020,Disabil Rehabil,"Journal Article; Research Support, Non-U.S. Gov't",eng,"Purpose: To investigate outdoor mobility of immigrants in Sweden who are living  with the late effects of polio.Materials and methods: A total of 145 patients with late effects of polio born outside the Nordic region were identified at an outpatient polio clinic. Of these, 74 completed a questionnaire about their mobility and independence in daily life, self-perceived pain and depression, vocational status, mobility assistive devices/aids, transportation modes and driving. Patient characteristics were based on medical records supplied by physicians.Results: Twice as many patients had lower extremities that were affected by polio than upper extremities. This affected their use of different transport modes and caused mobility and transfer problems. Indeed, 39% needed mobility aids and help from another person to move outdoors. Those who reported dependence for outdoor mobility were more often unemployed and more often depressed.Conclusions: Many respondents reported having difficulties with transport mobility, but a large proportion, 57%, were independent and active drivers. It is important to consider outdoor mobility when planning rehabilitation for patients with late effects of polio and foreign backgrounds. In addition to psychosocial factors, dependence on mobility-related activities can lead to dependency and isolation.Implications for rehabilitationOutdoor mobility and access to transport modes are important for independence and an active life and need to be included in the rehabilitation process.Both personal and environmental factors, can contribute to mobility problems of people with foreign backgrounds, who are living with the late effects of polio.Factors such as cultural, social and gender aspects are important when planning suitable and individualized rehabilitation."
32138277,The Extent of Psychosocial Distress among Immigrant and Non-Immigrant Homecare  Nurses-A Comparative cross Sectional Survey.,2020,Int J Environ Res Public Health,"Journal Article; Research Support, Non-U.S. Gov't",eng,"In times of demographic change, most developed countries are increasingly looking  to cover the growing domestic demand for healthcare by hiring nurses from abroad. The evidence concerning the health of immigrant care workers is inconsistent since studies report that it is either better or more impaired than that of their non-immigrant counterparts. This study compared the extent of occupational psychosocial stressors and resources affecting immigrant and non-immigrant homecare nurses. The cross-sectional survey was conducted in the homecare nursing service sector in Hamburg. Psychosocial distress, depressive symptomatology, generalized anxiety, somatic symptom burdens, homecare-specific qualitative stressors, as well as resources, have been measured using a standardized questionnaire. There was no significant difference in the extent of psychosocial distress experienced by immigrant and non-immigrant homecare nurses. Somatic symptom burdens most strongly predicted nurses' psychosocial distress, in general. For immigrant nurses, greater influence and freedom at work, as well as fixed-term employment, was related to increased levels of distress, while age, working full time, and working overtime predicted distress in non-immigrant nurses. A functioning relationship with colleagues and superiors had a declining effect on immigrant nurses' psychosocial distress, while shift work arrangements benefitted non-immigrant nurses. Even though the extent of psychosocial distress experienced by immigrant and non-immigrant nurses did not significantly differ, the nurse's individual explanatory model of psychosocial health should be considered in every occupational and political context."
33129568,Patient-reported outcomes and experiences in the transition of undocumented  patients from emergency to scheduled hemodialysis.,2021,Kidney Int,"Journal Article; Research Support, N.I.H., Extramural; Research Support, Non-U.S. Gov't",eng,"Undocumented immigrants with kidney failure can only access dialysis after  presenting critically ill to an emergency department in most states within the United States. How access to scheduled dialysis might improve or harm patient experience is currently unknown. To clarify this, we assessed patient reported outcomes and experiences of undocumented patients who transitioned from emergency to scheduled dialysis. Pre-post intervention interviews were conducted using a mixed-methods study (questionnaires and interviews) in a Colorado hospital. Measures included the Kidney Disease Quality of Life Short Form-36 (KDQOL SF-36), Edmonton Symptom Assessment System, Trust in Physician Scale, and CHOICE Satisfaction Scale. Interviews were evaluated using thematic analysis. Thirty patients participated, and 26 completed the post-transition interview (two participants died, two did not transition to scheduled dialysis). Following transition, patients significantly improved on all five KDQOL SF-36 subscales including 116% for burden of kidney disease, 42% for kidney disease effects, 27% for symptoms/problems, 23% for physical and 13% for mental health composite. Patients reported significant improvement in seven symptoms consisting of 100% for nausea, 57% for pain, 94% for appetite and shortness of breath, 87% for anxiety, 86% for depression, 65% for tiredness, and 60% for drowsiness. Trust and satisfaction with care were unchanged. Five identified themes corroborated patient-reported outcomes but indicated continuing challenges associated with anxiety about navigating changes in care, increased burden on family and employers, relief in receiving consistent care, immediate and remarkable health gains, and restoring hope and humanity. Thus, providing healthcare access to standard dialysis for undocumented immigrants improved quality of life and mitigated debilitating symptoms but brought new challenges in healthcare navigation as well as family burden and work."
16003599,Mental health in immigrant children in the Netherlands.,2005,Soc Psychiatry Psychiatr Epidemiol,"Journal Article; Research Support, Non-U.S. Gov't",eng,"BACKGROUND: Background In the past decades, the ethnic diversity of the  population in the Netherlands has rapidly grown. At present, approximately 10% of all people in the Netherlands belong to immigrant families that originate from a very large variety of non-Western nations. Although it is often assumed that migration has a stress-inducing effect, leading to heightened levels of mental health problems in both immigrant children and their parents, research into this group of children is very scarce in Europe. In this paper, we want to report on the mental health of immigrant children originating from non-Western countries enrolled in a large cohort study in the Netherlands. METHOD: A large sample of 11-year-old children in the Netherlands (n=2230) participated in the TRacking Adolescents' Individual Lives Survey (TRAILS). Approximately 10% of these children (n=230) belong to immigrant families originating from non-Western countries. Mental health problems were assessed using self-report measures (Youth Self-Report), using parent-report measures (Child Behaviour Check List) and using teacher report (Teacher Checklist for Psychopathology). In this paper, we report on the mental health problems of these children from all three perspectives (child, parent, teacher). In analysing the impact of immigrant status, the effect of gender and of socio-economic inequality was taken into account. RESULTS: According to self-report measures, mean level of mental health problems in immigrant children is comparable to that in non-immigrant children. Immigrant parents report higher problem rates for their daughters, in particular for internalising problem behaviours, social problems and attention problems, but not for their sons. In contrast, teachers perceive higher levels of externalising problem behaviour, but lower levels of anxious/depressed problems, social problems and thought problems in immigrant children. This last effect is most strongly found with respect to boys: teachers perceive less withdrawn/depressed problems, social problems, thought problems and attention problems in immigrant boys. CONCLUSIONS: Children from immigrant families do not appear to experience more problems than their non-immigrant peers. However, parents from immigrant families do report more problems in their daughters than non-immigrant parents, in contrast to teachers who perceive lower levels of internalising, social and thought problems in particular in boys, and higher levels of externalising problems in both immigrant boys and girls. In describing problem behaviour in immigrant children, the effect of diverging social contexts for and multiple perspectives on immigrant youth has to be taken into account."
11564855,Residents' preferences and preparation for caring for underserved populations.,2001,J Urban Health,"Journal Article; Research Support, Non-U.S. Gov't",eng,"Access to care by low-income persons and residents of rural and poor inner-city  areas is a persistent problem, yet physicians tend to be maldistributed relative to need. The objectives were to describe preferences of resident physicians to locate in underserved areas and to assess their preparedness to provide service to low-income populations. A national survey was made of residents completing their training in eight specialties at 162 US academic health center hospitals in 1998, with 2,626 residents responding. (Of 4,832 sampled, 813 had invalid addresses or were no longer in the residency program. Among the valid sample of 4,019, the response rate was 65%.) The percentage of residents ranking public hospitals, rural areas, and poor inner-city areas as desirable employment locations and the percentage feeling prepared to provide specified services associated with indigent populations were ascertained. Logistic regressions were used to calculate adjusted percentages, controlling for sex, race/ethnicity, international medical graduate (IMG) status, plans to subspecialize, ownership of hospital, specialty, and exposure to underserved patients during residency. Only one third of residents rated public hospitals as desirable settings, although there were large variations by specialty. Desirability was not associated with having trained in a public hospital or having greater exposure to underserved populations. Only about one quarter of respondents ranked rural (26%) or poor inner-city (25%) areas as desirable. Men (29%, P <.01) and noncitizen IMGs (43%, P <.01) were more likely than others to prefer rural settings. Residents who were more likely to rate poor inner-city settings as desirable included women (28%, P =.03), noncitizen IMGs (35%, P =.01), and especially underrepresented minorities (52%, P <.01). Whereas about 90% or more of residents felt prepared to treat common clinical conditions, only 67% of residents in four primary care specialties felt prepared to counsel patients about domestic violence or to care for human immunodeficiency virus/acquired immunodeficiency syndrome (HIV/AIDS) or substance abuse patients (all 67%). Women were more likely than men to feel prepared to counsel patients about domestic violence (70% vs. 63%, P =.002) and depression (83% vs. 75%, P <.01). Underrepresented minority residents were more likely than other residents to feel prepared to counsel patients about domestic violence (P <.01) and compliance with care (P =.04). Residents with greater exposure to underserved groups were more prepared to counsel patients about domestic violence (P =.01), substance abuse (P =.01), and to treat patients with HIV/AIDS (P =.01) or with substance abuse problems (P <.01). This study demonstrates the need to expose graduate trainees to underserved populations and suggests a continuing role of minorities, women, and noncitizen physicians in caring for low-income populations."
28455760,Adapting Meaning-Centered Psychotherapy in Advanced Cancer for the Chinese  Immigrant Population.,2018,J Immigr Minor Health,Journal Article,eng,"The Chinese immigrant community faces multiple barriers to quality cancer care  and cancer survivorship. Meaning-centered psychotherapy (MCP) is an empirically-based treatment shown to significantly reduce psychological distress while increasing spiritual well-being and a sense of meaning and purpose in life in advanced cancer patients. However, it has not yet been adapted for racial and ethnic minority populations for whom the concept of ""meaning"" may likely differ from that of westernized White populations. In this study, we conducted a community needs assessment to inform the cultural adaptation of MCP for Chinese patients with advanced cancer, in accordance with Bernal et al. ecological validity model and the cultural adaptation process model of Domenech-Rodriquez and Weiling. We conducted interviews until saturation with 11 key Chinese-serving community leaders and health professionals with a range of areas of expertise (i.e. oncology, psychology, palliative care, cancer support services), to examine community needs, priorities, and preferences within the context of the MCP intervention. Sessions were audio recorded and transcribed. The research team analyzed the transcripts using Atlas.ti. Six frequently occurring themes were identified. Interviewees described the role of the family, traditional Chinese values, cancer stigma, and social norms (e.g. saving face) in adapting MCP. Researchers and clinicians should consider the role of the family in treatment, as well as specific social and cultural values and beliefs in adapting and delivering MCP for Chinese patients with advanced cancer."
37081175,Patient reported symptom burden amongst immigrant and Canadian long-term resident  women undergoing breast cancer surgery.,2023,Breast Cancer Res Treat,Journal Article,eng,"PURPOSE: Immigrants are susceptible to marginalization due to social isolation,  economic disadvantage and systemic bias. Our goal was to compare symptom burden between immigrant and long-term resident women undergoing breast cancer surgery in Ontario, Canada. METHODS: A population-level retrospective cohort-study using administrative databases was conducted. Women who underwent surgery for newly diagnosed breast cancer and were treated at regional cancer centers between 2010 and 2016 were included. The primary outcome was a moderate or severe (≥ 4) symptom score on the Edmonton Symptom Assessment System Scale (ESAS). RESULTS: There were 12,250 (87.2%) long-term Canadian residents and 1,806(12.8%) immigrants. Immigrants were younger (mean age 53 vs. 61 years); had a higher proportion residing in a lowest income quintile neighbourhood (22.2% vs 15.4%); were less often on a primary-care physician roster (83.7% vs. 90.4%); and were less often diagnosed with Stage I/II disease (80.9% vs. 84.6%) (all p < 0.01). The proportion of women with scores ≥ 4 was significantly higher amongst immigrant women for 7/9 symptom categories; with the largest differences for depression (24.9% vs. 20.2%, p < 0.01) and pain (28.0% vs. 22.4%, p < 0.01). On multivariable regression analysis, immigration status was associated with scores ≥ 4 for pain (OR 1.13, 95% CI 1.02-1.23). There was an association between moderate/severe pain and region of origin, but not length of stay in Canada or immigration class. CONCLUSIONS: This is the first study comparing symptom burden amongst immigrant and non-immigrant women with breast cancer at a population-level. Immigrant women with breast cancer undergoing surgery were found to have a higher burden of pain."
33794822,Mental health of undocumented migrants and migrants undergoing regularization in  Switzerland: a cross-sectional study.,2021,BMC Psychiatry,"Journal Article; Research Support, Non-U.S. Gov't",eng,"BACKGROUND: Undocumented migrants live and work in precarious conditions. Few  studies have explored the mental health consequences of such environment. The objective of this study is to describe the mental health of migrants at different stages of a regularization program. METHODS: This cross-sectional study included migrants undocumented or in the process of regularization. We screened for symptoms of anxiety, depression and sleep disturbance using validated tools. We created a composite outcome of altered mental health including these components plus self-report of a recent diagnosis of mental health condition by a health professional. RESULTS: We enrolled 456 participants of whom 246 (53.9%) were undocumented. They were predominantly women (71.9%) with a median age of 43.3 (interquartile range: 15.5) years, from Latin America (63.6%) or Asia (20.2%) who had lived in Switzerland for 12 (IQR: 7) years. Overall, 57.2% presented symptoms of altered mental health. Prevalence of symptoms of anxiety, depression and sleep disturbance were 36% (95% confidence interval: 31.6-40.6%), 45.4% (95% CI: 40.8-50.1%) and 23% (95% CI: 19.2-27.2), respectively. Younger age (adjusted odd ratio: 0.7; 95% CI: 0.5-0.9 for each additional decade), social isolation (aOR: 2.4; 95% CI: 1.4-4.2), exposure to abuse (aOR: 1.9; 95% CI: 1.1-3.5), financial instability (aOR: 2.2; 95% CI: 1.4-3.7) and multi-morbidity (aOR: 3.2; 95% CI: 1.7-6.5) were associated with increased risk of having altered mental health while being in the early stages of the process of regularization had no effect (aOR: 1.3: 95% CI: 0.8-2.2). CONCLUSIONS: This study highlights the need for multi-pronged social and health interventions addressing the various domains of undocumented migrants living difficulties as complement to legal status regularization policies. Protection against unfair working conditions and abuse, access to adequate housing, promoting social integration and preventive interventions to tackle the early occurrence of chronic diseases may all contribute to reduce the burden of altered mental health in this group. More research is needed to assess the long-term impact of legal status regularization on mental health."
39731083,Decoding acculturative stress and psychological distress in Mexican immigrant  women: insights from a path mediation analysis.,2024,BMC Womens Health,Journal Article,eng,"BACKGROUND: This study investigates acculturative stress and its impact on  psychological distress among Mexican immigrant women in the United States, with a particular focus on contextual factors shaping these acculturative stress experiences. It also seeks to provide actionable insights to address Mexican immigrant women's mental health needs. METHODS: Using the data from a total of 257 Mexican immigrant women in the National Latino Asian American Survey (NLAAS), path analysis was conducted to examine the relationships between acculturative stress, psychological distress, and various contextual factors. RESULTS: Acculturative stress was found to significantly contribute to psychological distress among Mexican immigrant women. Key factors affecting acculturative stress include contentment with the decision to move to the United States, English language proficiency, experiences of racial discrimination, difficulties associated with visiting family abroad, religiosity, and age at immigration. Critical determinants of psychological distress in the studied cohort, according to the results, are familismo values and racial discrimination. CONCLUSION: The results of this study underscore the need to consider contextual factors in understanding and addressing acculturative stress and psychological distress among Mexican immigrant women. Practical and policy implications include the necessity to develop culturally sensitive interventions, enhance educational opportunities, improve access to mental health services, and implement anti-discrimination policies. By adopting these strategies, mental health professionals and policymakers can foster resilience, wellbeing, and successful integration of Mexican immigrant women in the U.S. society."
35627563,Academic Performance and the Link with Depressive Symptoms among Rural Han and  Minority Chinese Adolescents.,2022,Int J Environ Res Public Health,"Journal Article; Research Support, Non-U.S. Gov't",eng,"The objectives of this paper were to examine the risk of depression and  depressive symptoms among Han and minority children and adolescents in rural China, the links between academic performance and depressive symptoms, and the prevalence of these links among specific subgroups. A total of 8392 4th, 5th, and 6th grade students at 105 sample rural schools in eight low-income counties and districts in a prefectural-level city in Southwestern China were randomly selected using a three-step sampling strategy. A total of 51% of the sample were female (SD = 0.50), and the age range was 7 to 19 years (mean = 11.35 years; SD = 1.05). Using the Patient Health Questionnaire 8-item depression scale, the prevalence of depressive symptoms in the sample was assessed, while data on students' academic performance (standardized math test) and demographic characteristics were also collected. Our results show that the rates of major depression were 19% for Han students, 18% for Tibetan students, and 22% for Yi students; the rates of severe depression were 2% for Han and Tibetan students, and 3% for Yi students. Yi students were at significantly higher risks for major and severe depression than Han students. We conducted multivariate regression and heterogeneous analyses. Academic performance was negatively and significantly correlated to depressive symptoms. Across the whole sample, students with lower math scores, minority students, boys, younger students, and students with migrant parents were most vulnerable to depressive symptoms. The heterogeneous analysis suggests that among poor-performing students, subgroups at higher risk for depression include boys, non-boarding students, and students whose mothers had graduated from high school or above. These findings indicate a need to improve mental health outcomes of rural Han and minority primary school students, targeting academic performance for possible intervention."
39075428,Insights from the EQUALS4COVID19 study on migrant mental health in Portugal: a  cross-sectional mixed-methods approach.,2024,BMC Public Health,"Journal Article; Research Support, Non-U.S. Gov't",eng,"BACKGROUND: The COVID-19 pandemic and related disruptive consequences in the  economic, health, and educational sectors have impacted people's lives, contributing to a context of increased economic and social vulnerability. The pandemic has revealed and accentuated social inequalities and discrimination based on racial or ethnic origin. This study aimed to contribute to the promotion of the mental health and well-being of migrant populations living in Portugal via the definition of an analytical framework and recommendations emerging from the EQUALS4COVID19 project. METHODS: To gather information on the impact of the COVID-19 pandemic and resilience determinants among immigrants, a mixed-methods approach was implemented in 2022, combining a cross-sectional survey targeting immigrant adults in Portugal, focus groups with immigrants, focus groups with healthcare professionals, and in-depth individual interviews with stakeholders involved in the implementation of measures related to mental health and well-being during the pandemic. The analysis followed an integrated framework; quantitative data informed the script of qualitative data collection methods, and qualitative analysis informed the reinterpretation of quantitative data. RESULTS: The survey with 604 Brazilian and Cape Verdean immigrants revealed that gender (being a woman) was associated with both psychological distress and depression-related symptomatology and that the perception of discrimination was a major risk factor for psychological suffering, while perceived social support and individuals' resilience characteristics were protective factors. Qualitative data provided deeper insights into these findings, revealing the ways mental health is affected by social structures, such as gender and ethnic hierarchies. Migrants tend to work in precarious jobs requiring physical presence, which, together with dense housing conditions, puts them at higher risk of infection. The deterioration of the economic conditions of the general population has also increased the perception of ethnic-racial discrimination, which was found to be related to the increase in insecurity and anxiety-related symptomatology among the migrant population. Newly arrived migrants, with reduced support networks, experienced a greater sense of insecurity as well as concern and anguish regarding relatives who live far away, in their home country. Migrant women reported greater family-related distress, including work-life balance problems. CONCLUSIONS: Proposals to address mental health inequalities should be considered in the context of the necessary global changes both at the societal level and in the delivery of mental health services. Additionally, they should be considered with the active involvement of migrants, families, and communities in the design and delivery of mental health promotion and care processes."
34886336,Examining the Relation between Caregiver Mental Health and Student Outcomes in  Rural China.,2021,Int J Environ Res Public Health,Journal Article,eng,"Research continues to highlight the central relationship between caregivers'  mental health and their children's development. This study examined the relation between primary caregivers' mental health and school-aged children's outcomes, including student mental health, resilience, and academic performance, in rural China. Using cross-sectional data from economically poor areas in the Gansu province, 2989 students (mean age = 11.51, 53.33% male, 46.67% female) and their primary caregivers (74.2% female) completed the 21-item, self-report Depression Anxiety Stress Scale. Students also completed the 25-item Connor-Davidson Resilience Scale and a standardized math test. The results indicated a high prevalence of caregiver depression (31%), stress (39%), and anxiety (24%). Characteristics that were significantly correlated with caregiver mental health issues included being a grandparent, having a low socioeconomic status and low education level, and living in a household with at least one migrant worker. Apart from caregiver stress and student resilience, caregiver mental health issues were negatively correlated with all student outcomes, including student mental health, resilience, and academic performance. Although additional empirical research is needed to investigate the associations between caregiver mental health and student outcomes, our results suggest that rural communities could benefit greatly from programs focused on improving the mental health of caregivers and this, in turn, may have a positive impact on student outcomes."
36533717,Using the PDCA cycle to uncover sources of mental health disparities for  Hispanics.,2023,Int J Ment Health Nurs,Journal Article,eng,"The Hispanic population is growing rapidly in U.S. rural states, yet limitations  in Spanish-speaking behavioural health providers are a barrier to accessing care. In Montana, a new immigrant destination, mental health disparities may not yet be fully understood. We describe an interprofessional approach of nurses and engineers using the Plan-Do-Check-Act (PDCA) cycle to identify disparities in mental health access in a Hispanic community in a rural state. We recruited a community advisory board to inform researchers about potential disparities and to design interventions. The Plan phase consisted of naming the problem and its root causes. Researchers and a community advisory board created flowsheets and diagrams to uncover personal, environmental, political, and procedural contributors to poor mental health outcomes. The Do phase included implementation of a community screening for depression and anxiety. The Check phase revealed 43 mental health screenings where 21% screened positive for depression and 16% screened positive for anxiety. We made 16 referrals to a mental health intervention study. The Act phase led to plans for regular implementation of the health fairs and a study designed to provide Spanish-language mental health services. The success of our interprofessional work provides an example of how the PDCA cycle can be used to uncover potential causes for poor health outcomes and design and evaluate interventions targeted to mitigate those outcomes."
39022408,How does working time impact perceived mental disorders? New insights into the  U-shaped relationship.,2024,Front Public Health,Journal Article,eng,"Based on a large-scale nationally representative survey in China, this paper uses  the exogenous impact of automation on working hours as the instrumental variable to examine working time's impact on perceived mental disorders, on the basis of dealing with endogeneity. Different from existing literature, it is found that the impact of working time on perceived mental disorders is U-shaped, rather than linear. Mental disorders firstly decrease with working hours. After working more than 48.688 h per week, further increases in working time carry notable mental health costs, leading to a positive relationship between working hours and depression. The turning point of this U-shaped relationship is almost in line with the International Labor Organization's 48 working hours/week standard, justifying it from a mental health perspective. In addition, we further exclude the possibility of more complex nonlinear relationships between working time and perceived mental disorders. Furthermore, heterogeneities are found in the effects of working hours on mental disorders across different subgroups. Males are more depressed when working overtime. Older workers have a lower tolerance for overwork stress. The turning point is smaller for the highly educated group and they are more sensitive to working longer. Those with higher socioeconomic status are less depressed after exceeding the optimal hours of work. The increase in depression among rural workers faced with overwork is not prominent. Perceived mental disorders are lower among immigrants and those with higher health status. In addition, labor protection and social security help to weaken mental disorders caused by overtime work. In conclusion, this paper demonstrates that working time has a U-shaped impact on perceived mental disorders and highlights the vulnerability of certain groups, providing a reference for setting optimal working hours from a mental health perspective."
26861795,Discrimination and Depressive Symptoms Among Latina/o Adolescents of Immigrant  Parents.,2016,Int Q Community Health Educ,"Journal Article; Research Support, Non-U.S. Gov't",eng,"Discrimination is associated with negative mental health outcomes for Latina/o  adolescents. While Latino/a adolescents experience discrimination from a number of sources and across contexts, little research considers how the source of discrimination and the context in which it occurs affect mental health outcomes among Latina/o children of immigrants. We examined the association between source-specific discrimination, racial or ethnic background of the source, and school ethnic context with depressive symptoms for Latina/o adolescents of immigrant parents. Using multilevel linear regression with time-varying covariates, we regressed depressive symptoms on source-specific discrimination, racial or ethnic background of the source of discrimination, and school percent Latina/o. Discrimination from teachers (β = 0.06, p < .05), students (β = 0.05, p < .05), Cubans (β = 0.19, p < .001), and Latinas/os (β = 0.19, p < .001) were positively associated with depressive symptoms. These associations were not moderated by school percent Latina/o. The findings indicate a need to reduce discrimination to improve Latina/o adolescents' mental health."
40813640,Patterns of mental health help seeking among Latina immigrant women.,2025,BMC Public Health,Journal Article,eng,"BACKGROUND: Latina immigrant women are at increased risk of poor mental health  due to stressors before, during, and after migration to the United States, including exposure to violence, social isolation, economic instability, and cultural and linguistic barriers. Despite this, they are less likely to seek professional mental health care due to lack of health insurance and limited availability of linguistically and culturally appropriate providers. We sought to describe patterns of mental health help seeking in a community sample of Latina immigrant women. METHODS: This study used survey data from a trial evaluating a mental health intervention among Latina immigrant women in King County, Washington. Descriptive statistics, chi-square tests, and one-way ANOVA were used to describe patterns of mental health support seeking from both professional and non-professional sources, preferred sources of care, and barriers to mental health help seeking across demographic characteristics and mental health conditions (depression, anxiety and PTSD). RESULTS: In our sample, 43% of participants had ever sought mental health help from a professional, and 11% had sought care from a non-professional source. Stigma, particularly concerns about others finding out, and cost were the most common barriers to seeking professional mental health care. Participants with moderate to severe depression or PTSD were more likely to seek professional care. CONCLUSION: By describing patterns of mental health help-seeking, including use of both professional and non-professional sources, this study extends prior research focused on barriers to professional care. Our findings highlight participants' preferences for care and patterns of care-seeking across mental health conditions, emphasizing the need for community-based mental health services that address barriers due to cost, language, and stigma. Interventions involving family support may reduce stigma and enhance existing strengths among Latina immigrants."
19504364,"[Acculturation, bicultural identity and psychiatric morbidity in young Turkish  patients in Germany].",2009,Turk Psikiyatri Derg,Journal Article,tur,"OBJECTIVE: This study was designed to examine, with the use of Berry's  acculturation concept (2003), personal self-esteem and collective esteem in the acculturation of young Turks in Germany. Further, it was aimed to examine whether ethnic identity is linked to better mental health. METHOD: Consecutive psychiatric primary care patients with Turkish background were screened with the 5-item Acculturation Questionnaire, adopted from the Latin American Validated Acculturation Scale. The interviewed patients were also assessed for psychiatric disorders according to ICD-10. RESULTS: By using the acculturation questionnaire among 220 patients included to this study, 154 (70%) patients, (88 male- 57,14%, mean age:22,1 sd. +/- 3,26 and 66 female- 42,85%, mean age: 21,73 sd. +/- 1,19) were found to be relatively good adjusted (group 1), and of 66 (30%) patients (44 male- 66,6%, mean age:26,3 sd. +/-3,39 and 22 female- 33,3%, mean age:25,88 sd. +/- 3,41) were found to be relatively poor adjusted (group 2) to the host community. The psychiatric co-morbidity showed in these two groups two distinct patterns (p< 0.001). Endogenous depression and the depression caused by the conflicts in the family-milieu are significantly more common in the group I. Unlike, the depression triggered by the psycho-social maladjustment is clearly more prevalent in the group II. The predictors of good adaptation were shown to be: bilingualism, bicultural identity and Germany as country of birth, whereas poor adaptation was related to: dominance of ethnic culture and language, and being born outside of Germany. CONCLUSION: The research presented provides firm evidence for a bicultural identity through assessments of several domains of acculturation: language spoken most of the time, language thought, ethnic identity, birthplace and the degree of adjustment to the host community. Cultural identity is one of the key determinants of mental health in evaluating adaptation to the host culture among immigrants. It is vital for the mental health professionals to understand the roles, context, and therapeutic consequences that originate from culture."
19720578,[Ethnopsychiatry in the elderly].,2009,Psychol Neuropsychiatr Vieil,Case Reports; Journal Article; Review,fre,"Ethnopsychiatry is defined as an approach aimed to understand the ethnic and  cultural dimensions of mental illnesses. The triple interest of cross-cultural approach in psychiatry in the elderly is highlighted by a review of the literature and five clinical vignettes. The first interest is to help the diagnosis of mental disorders in aged immigrants. The second is to take into account the ethnopsychogeriatric specificities by the sanitary and social systems. The third involves some aspects of psychiatry in the elderly in Sub-Saharan Africa. With aging, the immigrant has to reinvent, successfully or not, new rationalizations of his/her presence. Moreover, he/she often presents a premature physical over-deterioration linked to difficult existing conditions. Caring for the elderly from an ethnopsychiatric approach supposes firstly, to grant him correct life and physical health conditions; secondly, training of professionals to consider their specific cultural dimensions and at last, adapting the care and help services. Ethnopsychiatry or cultural psychiatry in the elderly must take into account the social and cultural representations of the diseases. Presently, depression among the elderly is common in Africa and dementia is not rare."
36497927,"A Global Survey of Ethnic Indian Women Living with Polycystic Ovary Syndrome:  Co-Morbidities, Concerns, Diagnosis Experiences, Quality of Life, and Use of Treatment Methods.",2022,Int J Environ Res Public Health,Journal Article,eng,"BACKGROUND: Polycystic ovary syndrome (PCOS) is a common endocrinopathy that is  highly prevalent in women of Indian ethnicity. Clinical practice guidelines do not adequately consider ethnic-cultural differences in the diagnosing and care of women with PCOS. This study aimed to understand co-morbidities, key concerns, quality of life (QoL), and diagnosis experiences of ethnic Indian women living with PCOS. METHODS: Global online survey of ethnic Indian women of reproductive age living with PCOS. RESULTS: Respondents (n = 4409) had a mean age of 26.8 (SD 5.5) years and reported having a family history of type 2 diabetes (43%) and PCOS (18%). Most of them (64%) were diagnosed with one or more co-morbidities (anxiety/depression being the most common). Irregular periods, cysts on the ovaries, and excess unwanted facial hair growth were their three top concerns. On average, women experienced symptoms of PCOS at the age of 19.0 (SD 5.0) and were diagnosed at the age of 20.8 years (SD 4.8). We report a one-year delay in seeking medical help and a seven-month diagnostic delay, which were associated with poor satisfaction with the information provided related to PCOS and its treatment options (p < 0.01). Women living outside India reported difficulty losing weight as their most key concern; however, they had higher dissatisfaction with the information provided on diet (OR, 0.74; 95% CI, 0.6 to 0.8; p = 0.002), exercise (OR, 0.74; 95% CI, 0.6 to 0.9; p = 0.002) and behavioural advice (OR, 0.74; 95% CI, 0.6 to 0.9; p = 0.004) than women living in India. Most women reported poor QoL in weight and emotion domains. CONCLUSIONS: Ethnic Indian women experience early onset of PCOS symptoms and delay in seeking professional help. Timely diagnosis, providing cultural-specific education related to lifestyle and weight management, and improving psycho-emotional support are key areas that should be addressed in clinical practice and future research."
24643757,Efficacy of a Latino mother-child communication intervention in elementary  schools.,2015,J Sch Nurs,"Journal Article; Randomized Controlled Trial; Research Support, N.I.H., Extramural",eng,"Children of Latino immigrants in the United States encounter ecological stressors  that heighten their risk for depressive symptoms, externalizing behavior, and problems in school. Studies have shown that affirming parent-child communication is protective of child depressive symptoms and accompanying problems. The purpose of this study was to assess the efficacy of an adapted mother-child communication intervention for Latino immigrant mothers and their fourth- to sixth-grade children delivered after school. The intervention, Family Communication (""Comunicación Familiar""), was delivered at children's elementary schools in six sessions lasting 2 hr each. Significant improvements were found in children's reports of problem-solving communication, with their mother and mothers' reports of reduced family conflict. Strengths of the intervention are improved mother-child communication, acquisition of communication skills that can transfer to relationships within the classroom, and a design that allows delivery by nurses or other professional members of the school support team."
38094991,Quality of Life and Psychometric Characteristics of Syrian Refugee Physicians Who  Migrated to Turkey: A Cross-Sectional Study.,2023,Int J Clin Pract,Journal Article,eng,"BACKGROUND: The concept of migration comes with various problems, affecting the  quality of life and psychological state of immigrants. This study aimed to investigate the quality of life and depression and anxiety states of physicians who immigrated to Turkey after the civil war that started in Syria in 2011. METHODS: In this cross-sectional study, a sociodemographic questionnaire form, the short version of the World Health Organization's quality of life assessment tool (WHOQOL-BREF), Beck Depression Inventory (BDI), and Beck Anxiety Inventory (BAI) were applied to Syrian doctors who received integration training to work in refugee health centers established for immigrants in Turkey. RESULTS: A total of 570 participants were included in the study. The median scores of WHOQOL-BREF domains of the participants were 75 for DOM1 (min: 25, max: 100, IQR: 18), 69 for DOM2 (min: 6, max: 100, IQR: 25), 69 for DOM3 (min: 0, max: 100, IQR: 19), and 63 for DOM4 (min: 0, max: 94, IQR: 19). The median BDI score of the participants was 7 (min: 0, max: 41, IQR: 8), and the median BAI score was 5 (min: 0, max: 50, IQR: 8). Having primary care experience, having knowledge about the Turkish healthcare system, believing that they can adapt to work in refugee health centers, and not having a plan to return to their country were found to be associated with a higher score in at least one of the WHOQOL-BREF subdomains. Planning to turn back their country was significantly associated with higher BAI scores. CONCLUSIONS: The overall quality of life of most refugee physicians in Turkey was high, and the BDI and BAI scores were also below the threshold values. Further qualitative studies that allow in-depth analyses may reveal underlying factors for this situation."
38828909,Effect of trauma on asylum seekers and refugees receiving a WHO psychological  intervention: a mediation model.,2024,Eur J Psychotraumatol,"Journal Article; Research Support, Non-U.S. Gov't",eng,"Background: Scalable psychological interventions such as the WHO's Self-Help Plus  (SH+) have been developed for clinical and non-clinical populations in need of psychological support. SH+ has been successfully implemented to prevent common mental disorders among asylum seekers and refugees who are growing in number due to increasing levels of forced migration. These populations are often exposed to multiple, severe sources of traumatisation, and evidence of the effect of such events on treatment is insufficient, especially for non-clinical populations.Objective: We aim to study the effect of potentially traumatic experiences (PTEs) and the mediating role of symptoms of posttraumatic stress disorder (PTSD) on the improvement following SH+.Method: Participants allocated to SH+ who received at least three sessions (N = 345) were extracted from two large, randomised, European prevention trials involving asylum seekers and refugees. Measures of distress, depression, functional impairment, and post-traumatic stress symptoms were administered at baseline and 6 months post-intervention, together with measures of well-being and quality of life. Adjusted models were constructed to examine the effect of PTEs on post-intervention improvement. The possible mediating role of PTSD symptoms in this relationship was then tested.Results: Increasing numbers of PTEs decreased the beneficial effect of SH+ for all measures. This relationship was mediated by symptoms of PTSD when analysing measures of well-being and quality of life. However, this did not apply for measures of mental health problems.Conclusions: Exposure to PTEs may largely reduce benefits from SH+. PTSD symptomatology plays a specific, mediating role on psychological well-being and quality of life of participants who experienced PTE. Healthcare professionals and researchers should consider the role of PTEs and PTSD symptoms in the treatment of migrants and refugees and explore possible feasible add-on solutions for cases exposed to multiple PTEs."
23078667,"Race/Ethnicity and self-reported levels of discrimination and psychological  distress, California, 2005.",2012,Prev Chronic Dis,"Journal Article; Research Support, Non-U.S. Gov't",eng,"INTRODUCTION: Little is known about the relationship between discrimination and  distress among multiple racial groups because previous studies have focused primarily on either blacks or Asian Americans. The objective of this study was to assess the association between self-reported experiences of racial discrimination and symptoms of psychological distress among 5 racial/ethnic groups in California. METHODS: I used data from the 2005 California Health Interview Survey describing an adult sample of 27,511 non-Hispanic whites, 8,020 Hispanics, 1,813 non-Hispanic blacks, 3,875 non-Hispanic Asians, and 1,660 people of other races/ethnicities. The Kessler 6-item Psychological Distress Scale determined symptoms of psychological distress. I used a single-item, self-reported measure to ascertain experiences of racial discrimination. RESULTS: Reports of racial discrimination differed significantly among racial groups. Self-reported discrimination was independently associated with psychological distress after adjusting for race/ethnicity, age, sex, education level, employment status, general health status, nativity and citizenship status, English use and proficiency, ability to understand the doctor at last visit, and geographic location. The relationship between discrimination and psychological distress was modified by the interaction between discrimination and race/ethnicity; the effect of discrimination on distress was weaker for minority groups (ie, blacks and people of other races/ethnicities) than for whites. CONCLUSION: Self-reported discrimination may be a key predictor of high levels of psychological distress among racial/ethnic groups in California, and race appears to modify this association. Public health practitioners should consider the adverse effects of racial discrimination on minority health."
20122263,Acculturation and self-reported health among Hispanics using a socio-behavioral  model: the North Texas Healthy Heart Study.,2010,BMC Public Health,"Journal Article; Research Support, N.I.H., Extramural",eng,"BACKGROUND: Acculturation is a continuous, firsthand contact with other cultures  functioning at both group and individual levels and is reflected in our culturally diverse society, calling for a greater understanding of the environmental and cultural impact on health. Self-reported health (SRH), a robust and well validated predictor of future mortality for all racial/ethnic groups, has been differentially reported by Hispanics compared to whites, especially based on their acculturation status. This study investigated the relationship between acculturation and SRH among Hispanics. An adapted Andersen framework was used to develop logistic regression models to assess for an association between acculturation and general health status. METHODS: Hispanic participants (n = 135), as part of the North Texas Healthy Heart Study, were administered standardized questionnaires on acculturation, psychosocial measures which included sense of control, stress, depression and social support and a single item SRH measure. In addition, physiological measurements and demographic characteristics including age, gender, body mass index, medical history, and socioeconomic status were also obtained. RESULTS: Bivariate analyses found Mexican-oriented participants 3.16 times more likely to report fair/poor SRH compared to Anglo-oriented Hispanics. Acculturation was also associated with SRH in multiple regression models controlling for enabling, need, and predisposing factors together (OR: 3.53, 95% CI: 1.04, 11.97). CONCLUSIONS: Acculturation status was associated with SRH after accounting for other underlying factors. Medical and public health professionals should promote the use of acculturation measures in order to better understand its role in Hispanic behaviors, health outcomes and health care use. Such research findings will contribute to the design of culturally sensitive prevention and treatment strategies for diverse and immigrant populations."
32172536,Measurement equivalence of the Kessler 6 Psychological Distress Scale for Chinese  and Korean immigrants: Comparison between younger and older adults.,2020,Int J Methods Psychiatr Res,Comparative Study; Journal Article,eng,"OBJECTIVES: The Kessler 6 (K6) Psychological Distress Scale is a well-known  instrument to screen for psychological distress of general populations. It is critical to perform the equivalence test of the K6 for Asian immigrant subgroups. METHODS: The 2012 California Health Interview Survey data were used (N = 1,210; Chinese = 640, Koreans = 570). Among 1,210, 734 were younger (18-64 years) and 476 were older (65+) adults. It was examined whether parameters in the measurement model is equivalent across the two groups, using multiple-group analysis. The equivalence tests for Chinese and Koreans were separately performed based on different age groups (younger [18-64] vs. older [65+]). RESULTS: The younger group had good model fit (X(2) = 41.27 [df = 16, p = .001], X(2) /df = 2.58, Comparative Fit Index [CFI] = 0.99, Goodness of Fit Index [GFI] = 0.98, root mean square error or approximation [RMSEA] = 0.05, standardized root mean residual [SRMR] = 0.03), and the older group also showed good model fit (X(2) = 41.70 [df = 16, p < .001], X(2) /df = 2.61, CFI = 0.98, GFI = 0.97, RMSEA = 0.06, SRMR = 0.04). The model for older group indicated measurement noninvariance between Chinese and Korean immigrants (ΔX(2) = 17.86, Δdf = 5, p = .003, CFI = 0.972, ΔCFI = 0.009). The items ""hopeless,"" ""restless,"" and ""depress,"" were significantly nonequivalent between the two groups. CONCLUSIONS: Clinicians/researchers should be aware of the potential risk for misclassification when they screen psychological distress of Chinese or Korean older immigrants. Professionals should pay attention to cross-cultural comparability when interpreting results from the K6."
25802406,Migrant health in cancer: outcome disparities and the determinant role of  migrant-specific variables.,2015,Oncologist,"Journal Article; Research Support, Non-U.S. Gov't",eng,"BACKGROUND: Multiethnic societies face challenges in delivering evidence-based  culturally competent health care. This study compared health-related quality of life and psychological morbidity in a hospital-based sample of first-generation migrants and Australian-born Anglo cancer patients, controlling for potential confounders related to migrant status. Further, it explored the relative contribution of ethnicity versus migrant-related variables. METHODS: Eligible participants, recruited via 16 oncology clinics in Australia, included those over the age of 18, diagnosed with cancer (any type or stage) within the previous 12 months and having commenced treatment at least 1 month previously. RESULTS: In total, 571 migrant patients (comprising 145 Arabic, 248 Chinese, and 178 Greek) and a control group of 274 Anglo-Australian patients participated. In multiple linear regression models adjusted for age, sex, education, marital status, socioeconomic status, time since diagnosis, and type of cancer, migrants had clinically significantly worse health-related quality of life (HRQL; 3.6-7.3 points on FACT-G, p < .0001), higher depression and anxiety (both p < .0001), and higher incidence of clinical depression (p < .0001) and anxiety (p = .003) than Anglo-Australians. Understanding the health system (p < .0001 for each outcome) and difficulty communicating with the doctor (p = .04 to .0001) partially mediated the impact of migrancy. In migrant-only analyses, migrant-related variables (language difficulty and poor understanding of the health system), not ethnicity, predicted outcomes. CONCLUSION: Migrants who develop cancer have worse psychological and HRQL outcomes than Anglo-Australians. Potential targets for intervention include assistance in navigating the health system, translated information, and cultural competency training for health professionals."
20611049,Depression and anxiety among first-generation immigrant Latino youth: key  correlates and implications for future research.,2010,J Nerv Ment Dis,"Journal Article; Research Support, N.I.H., Extramural; Research Support, Non-U.S. Gov't",eng,"We examined how the migration and acculturation experiences of first-generation  Latino youth contributed to their psychological well-being. Data came from the LAMHA (Latino Adolescent Migration, Health, and Adaptation) study, which surveyed 281 first-generation Latino immigrant youth, ages 12 to 19. Using logistic regression, we evaluated how migration stressors (i.e., traumatic events, choice of migration, discrimination, and documentation status) and migration supports (i.e. family and teacher support, acculturation, and personal-motivation) were associated with depressive symptoms and anxiety. We found that migration stressors increased the risk of both depressive symptoms and anxiety. Time in the United States and support from family and teachers reduced the risk of depressive symptoms and anxiety. Compared with documented adolescents, undocumented adolescents were at greater risk of anxiety, and children in mixed-status families were at greater risk of anxiety and marginally greater risk of depressive symptoms."
33971841,Informal coercion during childbirth: risk factors and prevalence estimates from a  nationwide survey of women in Switzerland.,2021,BMC Pregnancy Childbirth,Journal Article,eng,"BACKGROUND: In many countries, the increase in facility births is accompanied by  a high rate of obstetric interventions. Lower birthrates or elevated risk factors such as women's higher age at childbirth and an increased need for control and security cannot entirely explain this rise in obstetric interventions. Another possible factor is that women are coerced to agree to interventions, but the prevalence of coercive interventions in Switzerland is unknown. METHODS: In a nationwide cross-sectional online survey, we assessed the prevalence of informal coercion during childbirth, women's satisfaction with childbirth, and the prevalence of women at risk of postpartum depression. Women aged 18 years or older who had given birth in Switzerland within the previous 12 months were recruited online through Facebook ads or through various offline channels. We used multivariable logistic regression to estimate the risk ratios associated with multiple individual and contextual factors. RESULTS: In total, 6054 women completed the questionnaire (a dropout rate of 16.2%). An estimated 26.7% of women experienced some form of informal coercion during childbirth. As compared to vaginal delivery, cesarean section (CS) and instrumental vaginal birth were associated with an increased risk of informal coercion (planned CS risk ratio [RR]: 1.52, 95% confidence interval [1.18,1.96]; unplanned CS RR: 1.92 [1.61,2.28]; emergency CS RR: 2.10 [1.71,2.58]; instrumental vaginal birth RR: 2.17 [1.85,2.55]). Additionally, migrant women (RR: 1.45 [1.26,1.66]) and women for whom a self-determined vaginal birth was more important (RR: 1.15 [1.06,1.24]) more often reported informal coercion. Emergency cesarean section (RR: 1.32 [1.08,1.62]), being transferred to hospital (RR: 1.33 [1.11,1.60]), and experiencing informal coercion (RR: 1.35 [1.19,1.54]) were all associated with a higher risk of postpartum depression. Finally, women who had a non-instrumental vaginal birth reported higher satisfaction with childbirth while women who experienced informal coercion reported lower satisfaction. CONCLUSIONS: One in four women experience informal coercion during childbirth, and this experience is associated with a higher risk of postpartum depression and lower satisfaction with childbirth. To prevent traumatic after-effects, health care professionals should make every effort to prevent informal coercion and to ensure sensitive aftercare for all new mothers."
33992841,Addressing Psychosocial Topics in Group Well-Child Care: A Multi-Method Study  With Immigrant Latino Families.,2022,Acad Pediatr,"Journal Article; Research Support, N.I.H., Extramural; Research Support, Non-U.S. Gov't",eng,"OBJECTIVE: Group Well-Child Care (GWCC) has been described as providing an  opportunity to enhance well-being for vulnerable families experiencing psychosocial challenges. We sought to explore benefits and challenges to the identification and management of psychosocial concerns in Group Well-Child Care (GWCC) with immigrant Latino families. METHODS: We conducted a case study of GWCC at an urban academic general pediatric clinic serving predominantly Limited English Proficiency Latino families, combining visit observations, interviews, and surveys with Spanish-speaking mothers participating in GWCC, and interviews with providers delivering GWCC. We used an adapted framework approach to qualitative data analysis. RESULTS: A total of 42 mothers and 9 providers participated in the study; a purposefully selected subset of 17 mothers was interviewed, all providers were interviewed. Mothers and providers identified both benefits and drawbacks to the structure and care processes in GWCC. The longer total visit time facilitated screening and education around psychosocial topics such as postpartum depression but made participation challenging for some families. Providers expressed concerns about the effects of shorter one-on-one time on rapport-building; most mothers did not express similar concerns. Mothers valued the opportunity to make social connections and to learn from the lived experiences of their peers. Discussions about psychosocial topics were seen as valuable but required careful navigation in the group setting, especially when fathers were present. CONCLUSIONS: Participants identified unique benefits and barriers to addressing psychosocial topics in GWCC. Future research should explore the effects of GWCC on psychosocial disclosures and examine ways to enhance benefits while addressing the challenges identified."
30216201,Health Care Access and Physical and Behavioral Health Among Undocumented Latinos  in California.,2018,Med Care,Journal Article,eng,"BACKGROUND: This paper provides statewide estimates on health care access and  utilization patterns and physical and behavioral health by citizenship and documentation status among Latinos in California. METHODS: This study used data from the 2011-2015 California Health Interview Survey to examine health care access and utilization and physical and behavioral health among a representative sample of all nonelderly Latino and US-born non-Latino white adults (N=51,386). Multivariable regressions estimated the associations between the dependent measures and citizenship/documentation status among Latinos (US-born, naturalized citizen, green card holder, and undocumented). RESULTS: Adjusted results from multivariable analyses observed worse access and utilization patterns among immigrant Latinos compared with US-born Latinos, with undocumented immigrants using significantly less health care. Undocumented Latinos had lower odds of self-reporting excellent/very good health status compared with US-born Latinos, despite them having lower odds of having several physical and behavioral health outcomes (overweight/obesity, physician-diagnosed hypertension, asthma, self-reported psychological distress, and need for behavioral health services). Among those reporting a need for behavioral health services, access was also worse for undocumented Latinos when compared with US-born Latinos. CONCLUSIONS: Patterns of poor health care access and utilization and better physical and behavioral health are observed across the continuum of documentation status, with undocumented immigrants having the worst access and utilization patterns and less disease. Despite fewer reported diagnoses and better mental health, undocumented Latinos reported poorer health status than their US-born counterparts."
22954304,"Migration experiences, employment status and psychological distress among Somali  immigrants: a mixed-method international study.",2012,BMC Public Health,"Journal Article; Research Support, Non-U.S. Gov't",eng,"BACKGROUND: The discourse about mental health problems among migrants and  refugees tends to focus on adverse pre-migration experiences; there is less investigation of the environmental conditions in which refugee migrants live, and the contrasts between these situations in different countries. This cross-national study of two samples of Somali refugees living in London (UK) and Minneapolis, Minnesota, (USA) helps to fill a gap in the literature, and is unusual in being able to compare information collected in the same way in two cities in different countries. METHODS: There were two parts to the study, focus groups to gather in-depth qualitative data and a survey of health status and quantifiable demographic and material factors. Three of the focus groups involved nineteen Somali professionals and five groups included twenty-eight lay Somalis who were living in London and Minneapolis. The quantitative survey was done with 189 Somali respondents, also living in London and Minneapolis. We used the MINI International Neuropsychiatric Interview (MINI) to assess ICD-10 and DSM-IV mental disorders. RESULTS: The overall qualitative and quantitative results suggested that challenges to masculinity, thwarted aspirations, devalued refugee identity, unemployment, legal uncertainties and longer duration of stay in the host country account for poor psychological well-being and psychiatric disorders among this group. CONCLUSION: The use of a mixed-methods approach in this international study was essential since the quantitative and qualitative data provide different layers and depth of meaning and complement each other to provide a fuller picture of complex and multi-faceted life situations of refugees and asylum seekers. The comparison between the UK and US suggests that greater flexibility of access to labour markets for this refugee group might help to promote opportunities for better integration and mental well-being."
33830425,What Is Frailty? Perspectives from Chinese Clinicians and Older Immigrants in New  Zealand.,2021,J Cross Cult Gerontol,Journal Article,eng,"This qualitative study explores the meanings of frailty held by Chinese New  Zealanders and Chinese health care professionals with the aim of identifying commonalities as well as potential differences. Two guided focus groups with Mandarin and Cantonese speaking older adults (n = 10), one individual interview with a English speaking older Chinese, and one focus group with Chinese New Zealand health care professionals (n = 7) were held to obtain views on frailty in older adults, followed by transcribing and a thematic qualitative analysis. Three main themes emerged: (1) Frailty is marked by ill-health, multiple chronic and unstable medical comorbidities, and is a linked with polypharmacy; (2) Frailty can involve physical weakness, decline in physical function such as reduced mobility or poor balance, and declining cognitive function; and (3) Frailty is associated with psychological and social health including depression, reduced motivation, social isolation, and loss of confidence. The perspectives of frailty that emerged are congruent with a multi-dimensional concept of frailty that has been described in both Chinese and non-Chinese medical research literature."
14705298,"Detained asylum seekers, health care, and questions of human(e)ness.",2003,Aust N Z J Public Health,Journal Article,eng,"This paper contains some personal observations of life inside Woomera Detention  Centre and certain aspects of the detained asylum seeker experience. This is from my own reference point as a psychiatric nurse who in 2002 undertook a six-week contract at Woomera, and from my subsequent sociological reflections on this experience. I draw attention to the disintegrative effect of detention on the individual and the bleakness of everyday life symbolically expressed in forms of self-harm. Then, through the example of medication administration, I show the vulnerability of those in detention to bureaucratic procedures that become micropolitical sites, providing the machinery for dehumanizing acts. I conclude by calling for sociologists, health care workers, and the public health community in general to take a more active political stance against a Government and its policies that actively erode spirit, the body and, for some, even life."
38702409,"Psychological implications of unemployment among higher educated migrant youth in  Kolkata City, India.",2024,Sci Rep,"Journal Article; Research Support, Non-U.S. Gov't",eng,"Mental health issues are intricately linked to socioeconomic background,  employment and migration status. However, there remains a gap in understanding the mental health challenges faced by graduate youth in India, particularly in Kolkata City. This study aims to assess the prevalence and associated risk factors of depression, anxiety, and stress among higher-educated migrant youth. A survey was conducted on four hundred migrant graduate youths aged 21-35 residing in Kolkata. Measures included socio-demographics and the Depression Anxiety Stress Scale (DASS-21). Chi-square tests and binary logistic regression were employed to identify factors associated with mental health issues. The overall prevalence rates were 54.4% for depression, 61.8% for anxiety, and 47.9% for stress. Unemployed youths exhibited significantly more symptoms of depression and anxiety than their employed counter parts. The logistic regression model showed that unemployed youth, female sex, never married, and second- and third-time migrant youths were risk factors for high scores on the DASS-21. This study showed that mental health issues were alarming in the higher educated migrant youth. The study suggests the implementation of skill-based, job-oriented, and professional courses at the graduation level to prevent graduates from being rendered unproductive and jobless. Beside these, regular psychological support should be provided to the higher educated youth by the local governments."
32145747,Precarious employment and migrant workers' mental health: a protocol for a  systematic review of observational studies.,2020,Syst Rev,Journal Article,eng,"BACKGROUND: Precarious employment has become an urgent public health issue at a  global scale with potential consequences for quality of life and health of employees, especially in vulnerable groups such as migrants. The primary aim of this systematic review is thus to analyze and summarize existing research on the association between precarious employment and migrant workers' mental health. METHODS: We will search PubMed/MEDLINE, PsycINFO, Web of Science (from January 1970 onwards) for original articles on observational studies (e.g., cohort, case-control and cross-sectional, and qualitative) published in English, German, Turkish, and Spanish. The primary outcome will be depression and anxiety disorders. Secondary outcomes will be burnout, sleeping problems, and occupational stress. Two reviewers will independently screen all citations, full-text articles, and abstract data. Potential conflicts will be resolved through discussion. The methodological quality (or risk of bias) of individual studies will be appraised using an appropriate tool. A narrative synthesis will summarize and explain the characteristics and findings of the studies. If feasible, we will conduct random effects meta-analyses where appropriate. DISCUSSION: This systematic review will analyze the ways in which precarious employment affects migrant workers' mental health and the process that underlies this relationship. The results from the systematic review outlined in this protocol will be of interest to labor and health professionals, policy makers, labor unions, and non-governmental organizations. Our findings may encourage and impel related policy makers to establish human-focused, safe and healthy work environments, and workplace conditions. SYSTEMATIC REVIEW REGISTRATION: PROSPERO, CRD42019132560."
35425735,Health Status and Association With Interpersonal Relationships Among Chinese  Children From Urban Migrant to Rural Left-Behind.,2022,Front Public Health,"Journal Article; Research Support, Non-U.S. Gov't",eng,"BACKGROUND: To date, numerous studies have examined the health status of Chinese  left-behind children and migrant children. However, the impact of children's diverse migration/left-behind experiences on their health is still unclear. METHODS: A cross-sectional survey was conducted in 2020 in Nanling country (Anhui province) and Kaihua country (Zhejiang province) in China. School children from grade 5 to 8 reported their socio-demographic, interpersonal relationships, self-rated health, suicidal ideation, and depression. Participants were divided into four groups based on their migrant patterns, namely rural left-behind children with previous migration experience (ME-LBC), rural children with previous migration experience (ME-NLBC), rural left-behind children without migration experience (LBC), and rural children without migration experience (NLBC). RESULTS: Among 2,323 participants included in the present study, there were 336 ME-LBC (14.5%), 283 ME-NLBC (12.2%), 561 LBC (24.1%) and 1,143 NLBC (49.2%). Compared with NLBC, ME-LBC reported significantly poorer self-rated health (OR = 0.72, 95% CI [0.53-0.97], p < 0.05), higher risk of depression (β = 0.90, 95% CI [0.02-1.77], p < 0.05) with adjustment of socio-demographic and interpersonal relationships. There was no significant difference in suicidal ideation among different groups of children. The better interpersonal relationship was associated with a better self-rated health, and lower prevalence of depression and suicidal intention. CONCLUSIONS: Compared to ordinary rural children, ME-LBC tended to experience higher levels of depression and poorer self-rated health. These research findings imply developing intervention programs about psychological adjustment tailored to different migrant patterns of Chinese rural children. The keys might be to strengthen the relationships with peer and teacher in school and improve the quality of parent-child communication in family for LBC."
33261673,Bi-dimensional acculturation and depressive symptom trajectories from pregnancy  to 1 year postpartum in marriage-based immigrant women in Taiwan.,2022,Psychol Med,"Journal Article; Research Support, Non-U.S. Gov't",eng,"BACKGROUND: Childbirth may pose many challenges to the psychological well-being  of marriage-based immigrant mothers in interracial marriages, who must negotiate bi-dimensional acculturation - adaptation to the host culture and maintenance of her own heritage culture. We examined the temporal relationships between bi-dimensional acculturation and depressive symptoms from pregnancy to 1 year postpartum among marriage-based immigrant mothers in Taiwan using the cross-lagged structural equation modeling. METHODS: This study recruited 310 immigrant mothers, who were examined in the second and third trimesters, and again at 1 month, 3 months, 6 months, and 1 year postpartum from March 2013 to December 2015. Depressive symptoms and bi-dimensional acculturation were measured using the Edinburgh Postnatal Depression Scale and Bidimensional Acculturation Scale for Marriage-Based Immigrant Women, respectively. RESULTS: The study found that adaptation to the host culture followed a downward linear trajectory, while maintenance of the mother's own heritage culture followed an upward linear trajectory from pregnancy to 1 year postpartum. All but one cross-lagged path between bi-dimensional acculturation and depressive symptoms was statistically insignificant, though almost all cross-sectional associations were significant. Adaptation to host culture was negatively associated with depressive symptoms at all time points. The association between maintenance of heritage culture and depressive symptoms reversed from positive to negative after 6 months postpartum. CONCLUSIONS: Adaptation to the host culture and maintenance of the mother's heritage culture differed in their associations with maternal depressive symptoms. Health professionals should assist immigrant mothers in adapting to the host culture while supporting their heritage culture in the childbearing period."
30532137,The association between cross-cultural competence and well-being among registered  native and foreign-born nurses in Finland.,2018,PLoS One,"Journal Article; Research Support, Non-U.S. Gov't",eng,"BACKGROUND: A growing body of research indicates that cross-cultural competence  in nurses can improve migrant patients' health-related outcomes, but little is known about the potential benefits of cross-cultural competence on the nurses' own well-being. OBJECTIVE: To examine whether cross-cultural competence (empathy, skills, positive attitudes, and motivation) is associated with perceived time pressure at work, psychological distress, and sleep problems among registered nurses in Finland, and whether there are differences in these potential associations between native and foreign-born nurses. METHODS: The present cross-sectional study was based on a sample of 212 foreign-born nurses licensed to practice in Finland and a random sample of 744 native Finnish nurses. Data were collected with a questionnaire and analyzed using multiple linear regression and structural equation modeling (SEM). RESULTS: Of all four dimensions of cross-cultural competence, only empathy was associated with perceived time pressure (β = -0.13, p = .018), distress (β = -0.23, p < .001), and sleep problems (β = -0.14, p = .004) after the adjustment for gender, age, employment sector, and frequency of interacting with patients and colleagues from different cultures. There were no differences between native and foreign-born nurses in these observed associations (all ps > .05). CONCLUSIONS: Cross-cultural empathy may protect against perceived time pressure, distress, and sleep problems in both native and foreign-born nurses. Thus, the promotion of this component of cross-cultural competence among nursing personnel should be encouraged."
22332911,Carers' representations of affective mental disorders in British Chinese  communities.,2012,Sociol Health Illn,"Journal Article; Research Support, Non-U.S. Gov't",eng,"Infrequent use of and delayed presentation to professional services have  increased the burden of mental illness in minority ethnic communities. Within the growing literature on informal carers, the Chinese remain relatively unstudied. This article reports a qualitative study of 14 carers to explore illness representations of affective disorders in British Chinese communities. Firstly, it places the study within a theoretical framework that permits an understanding of mental health and illness in different sociocultural belief systems. Next, it presents carers' narrative accounts in conceptualising mental illness, including its causes, manifestations and impact on patients and carers, and contextualises the findings within the existing literature. Finally, the article examines how the caring role may be constructed from the broader social experience of carers and their relationships within a community structure that values the group over the individual. Coping mechanisms are discussed in the context of the practice of caring as a moral obligation and of policy implications for more culturally appropriate support services for both Chinese carers and mental health patients."
39014363,"Mental health priorities and cultural-responsiveness of the Mental Health First  Aid (MHFA) training for Asian immigrant populations in Greater Boston, Massachusetts.",2024,BMC Psychiatry,Journal Article,eng,"BACKGROUND: Asians and Asian Americans have the lowest rate of mental health  service utilization (25%) in the US compared to other racial/ethnic groups (39 - 52%), despite high rates of depression, anxiety, and suicidal ideation. The lack of culturally-responsive mental health trainings hinders access to mental health services for these populations. We assessed the mental health priorities of Asian communities in Greater Boston and evaluated cultural responsiveness of the Mental Health First Aid (MHFA), a first-responder training teaching participants skills to recognize signs of mental health and substance use challenges, and how to appropriately respond. METHODS: This is community-based participatory research with the Boston Chinatown Neighborhood Center (BCNC), Asian Women For Health (AWFH), and the Addressing Disparities in Asian Populations through Translational Research (ADAPT) Coalition. We conducted focus groups with community-based organization staff and community members to assess mental health priorities of Asian populations in Boston, MA. We then evaluated the utility and cultural-responsiveness of the English-language MHFA for Asian populations through pre- and post-training questionnaires and focus groups with community participants. Paired t-tests were used to evaluate questionnaire responses. Thematic analysis was used to analyze interviews. RESULTS: In total, ten staff and eight community members participated in focus groups, and 24 community members completed the MHFA and pre- and post-training questionnaires. Common mental health challenges in the Asian communities reported by participants were loneliness, high stigma around mental illnesses, academic pressure, and acculturation stress. Compared to pre-training, MHFA participants demonstrated lower personal mental health stigma (p < 0.001) and higher mental health literacy (p = 0.04) post-training. Participants also noted the lack of data statistics and case studies relevant to Asian populations in the training, and desired the training be offered in languages spoken by Asian ethnic subgroups (e.g., Chinese, Vietnamese). CONCLUSION: Cultural-responsiveness of the MHFA for Asian populations could be improved with the inclusion of data and case studies that capture common mental health challenges in the Asian communities and with translation of the MHFA to non-English languages predominant in Asian communities. Increasing the cultural relevance and language accessibility of the MHFA could facilitate wider adoption of these trainings across communities and help to reduce mental health stigma and gaps in literacy and service utilization."
37841719,Barriers and facilitators to mental health promotion for Mexican immigrants in  the U.S. through the Ventanillas de Salud program.,2023,Front Public Health,Journal Article,eng,"INTRODUCTION: Mental health promotion and screenings are recommended as part of  standard preventive care. Mexican immigrants in the U.S. are at high risk for mental health illness especially after the COVID-19 pandemic, however access to mental health prevention for this population has been limited, which results in important implementation and equity gaps. The Ventanilla de Salud (VDS) program provides preventive services through Mexican consulates in the U.S. OBJECTIVE: The objective of this study was to assess capability, opportunity, and motivation for promotores to implement mental health programming through the VDS, leveraging early experiences of ongoing mental health prevention efforts. METHODS: This was a qualitative study using the Capability, Opportunity, and Motivation for Behavior Change model (COM-B). We conducted 9 focus groups with 40 VDS promotores and 6 semi-structured interviews with program stakeholders. Data were analyzed using inductive and deductive coding. RESULTS: We found high levels of interest from the leadership, partners, and promotores to provide mental health services through the VDS. Early implementation of a mental health strategy that included training sessions for promotores and mental health promotion, screenings and referrals for VDS users was ongoing. We identified facilitators and barriers that could affect capability, opportunity, and motivation to provide mental health services. Facilitators included promotores' extensive knowledge about the importance of mental health, promotores service mindset and commitment to provide services to VDS users, and general support from the VDS network and partners. Barriers included promotores' turnover, need for additional economic compensation, burnout, competing priorities, and lack of mental health professionals to provide clinical services or supervision. Additional investments are recommended to support promotores' well-being. CONCLUSION: The main lesson learned from this study was that investing in VDS promotores' training, resources, and well-being is key to their capability, opportunity and motivation to provide mental health services for Mexican immigrants in the US. Results from this study can be applied to improve the ongoing VDS mental health strategy and increase its impact on the mental health of Mexican immigrants."
21286813,Estimating the effects of immigration status on mental health care utilizations  in the United States.,2011,J Immigr Minor Health,Comparative Study; Journal Article,eng,"Immigration status is a likely deterrent of mental health care utilization in the  United States. Using the Medical Expenditure Panel Survey and National Health Interview survey from 2002 to 2006, multivariable logistic regressions were used to estimate the effects of immigration status on mental health care utilization among patients with depression or anxiety disorders. Multivariate regressions showed that immigrants were significantly less likely to take any prescription drugs, but not significantly less likely to have any physician visits compared to US-born citizens. Results also showed that improving immigrants' health care access and health insurance coverage could potentially reduce disparities between US-born citizens and immigrants by 14-29% and 9-28% respectively. Policy makers should focus on expanding the availability of regular sources of health care and immigrant health coverage to reduce disparities on mental health care utilization. Targeted interventions should also focus on addressing immigrants' language barriers, and providing culturally appropriate services."
24375184,"""Tension"" in South Asian women: developing a measure of common mental disorder  using participatory methods.",2013,Prog Community Health Partnersh,Journal Article,eng,"BACKGROUND: Although common mental disorder (CMD) is highly prevalent among South  Asian immigrant women, they rarely seek mental treatment. This may be owing in part to the lack of conceptual synchrony between medical models of mental disorder and the social models of distress common in South Asian communities. Furthermore, common mental health screening and diagnostic measures may not adequately capture distress in this group. Community-based participatory research (CBPR) is ideally suited to help address measurement issues in CMD as well as to develop culturally appropriate treatment models. OBJECTIVES: To use participatory methods to identify an appropriate, culturally specific mental health syndrome and develop an instrument to measure this syndrome. METHODS: We formed a partnership between researchers, clinicians, and community members. The partnership selected a culturally specific model of emotional distress/illness, ""tension,"" as a focus for further study. Partners developed a scale to measure Tension and tested the new scale on 162 Bangladeshi immigrant women living in the Bronx. RESULTS: The 24-item ""Tension Scale"" had high internal consistency (α = 0.83). On bivariate analysis, the scale significantly correlated in the expected direction with depressed as measured by the Patient Health Questionnaire (PHQ-2), age, education, self-rated health, having seen a physician in the past year, and other variables. CONCLUSIONS: Using participatory techniques, we created a new measure designed to assess CMD in an isolated immigrant group. The new measure shows excellent psychometric properties and will be helpful in the implementation of a community-based, culturally synchronous intervention for depression. We describe a useful strategy for the rapid development and field testing of culturally appropriate measures of mental distress and disorder."
38956511,Examining recovery and mental health service satisfaction among young immigrant  Muslim women with mental distress in Quebec.,2024,BMC Psychiatry,"Journal Article; Research Support, Non-U.S. Gov't",eng,"OBJECTIVE: The overall aim of this study was to understand the experiences and  perspectives of immigrant Muslim women in Quebec living with mental illness, who have recently used formal mental health services such as an accredited therapist, psychologist, or clinician. Specific objectives included (i) eliciting and examining their self-identified barriers and facilitators to recovery; (ii) exploring links between religion and mental health; and (iii) self-reported satisfaction with mental health services received. METHODS: We adopted a qualitative approach, facilitating the prioritization of participant perspectives. This involved semi-structured interviews with 20 women who (i) identified as Muslim; (ii) had used mental health services in the last three years; and (iii) were 18 + years of age. Interviews were transcribed and analyzed using thematic analysis techniques. RESULTS: Three prominent themes emerged from the analysis. These themes were (i) stigma and misunderstandings in families (especially parents) and sometimes in the ethno-religious community, both acting as barriers to health service utilization and recovery; (ii) frustrating clinical experiences within formal mental health care settings, in particular a perceived lack of cultural and religious competence, which negatively affected service utilization and the development of a therapeutic alliance; and (iii) deeply-held religious beliefs, practices and trust in God imparting a rhythm, purpose and meaning, which were strong facilitators to recovery. CONCLUSIONS AND IMPLICATIONS FOR PRACTICE: These findings suggest that recovery from mental illness can be advanced by a three-pronged approach in this population. First, anti-stigma mental health literacy interventions could be held in collaboration with Muslim community groups. Second, there is a need for further religious and cultural competence interventions, resources and trainings for mental health professionals working with Muslims. Third, self-care resources should be developed that harness aspects of religious practices that can give structure, meaning, purpose and hope. All this could ultimately foster recovery in this population."
18456564,Acculturation and orofacial pain among Hispanic adults.,2008,J Pain,"Journal Article; Research Support, N.I.H., Extramural",eng,"This study examined the associations between acculturation and orofacial pain and  healthcare among Hispanic adults. Understanding the effects of acculturation on Hispanic oral health may improve understanding of oral health disparities in the United States. Data were collected from 911 Hispanic adults reporting tooth pain and painful oral sores who were part of a larger study of South Florida residents conducted using random-digit dialing methodology. The survey was conducted in Spanish or English by bilingual interviewers per the choice of each respondent. Greater use of the Spanish language was associated with disparities in healthcare visits for orofacial pain, not having a usual dentist, having greater pain, increased difficulty eating and sleeping, and more depression. Respondents' and their parents' nativity (families that had been in the United States longer) and those identifying more closely to Hispanic culture were also predictive of several of the outcomes. Gender, financial status, and age, independent of acculturation, were also associated with orofacial pain, accessing health care, and pain-related loss of functioning among Hispanics. The data support the hypothesis that Hispanics with less acculturation are less able to access needed oral health care. This study highlights the need for outreach programs targeting recent Hispanic immigrants focusing on oral health care. PERSPECTIVE: This study found that lower levels of acculturation, particularly less frequent use of English, were associated with greater oral pain and depression for Hispanics adults. This emphasizes the need to provide Hispanic patients with information in Spanish and the importance of having bilingual materials and staff in dental clinics."
42496609,Interdisciplinary pain rehabilitation for immigrants with chronic pain who need  language interpretation - a one-year follow-up.,2026,Scand J Pain,Journal Article; Multicenter Study,eng,"OBJECTIVES: Chronic pain is a major health problem and is more common among women  than men. Interdisciplinary pain rehabilitation programmes (IPR) are effective in reducing pain and restoring function for patients with chronic pain. However, in Sweden, immigrants who do not speak Swedish are commonly not selected for participation in IPR. There is thus a knowledge gap regarding whether IPR has positive effects for immigrants with chronic pain and inadequate Swedish language skills. The aim of this study was to investigate outcomes in patients with chronic pain and inadequate Swedish language skills at one-year follow-up after participation in an IPR with language interpreters, both on the whole group level and separately for women and men, and in comparison with a reference group of patients. METHODS: Design: prospective multi-centre cohort study. Patients: 74 patients (60 women and 14 men). Pain intensity, anxiety and depression, health-related quality of life, fear of movement and the number of doctor visits due to pain were evaluated at baseline, at treatment conclusion (except for doctor visits) and one year after the programme. Patients were compared with a reference group comprising Swedish-speaking patients in a standard interdisciplinary pain rehabilitation programme (135 patients (122 women and 13 men)). RESULTS: At one-year follow-up, the patients showed significant improvements in pain intensity, depression, and fear of movement, and when subgrouping, the female patients showed significant improvements in the same variables: pain intensity (p=0.002), depression (p=0.015), and fear of movement (p=0.007). Anxiety was significantly deteriorated, both for the whole group and for the female patients (p=0.011). The men did not improve, but low numbers preclude statistics or conclusions. On the whole group level, there was also a significantly reduced number of doctor visits due to pain (p<0.001) at one-year follow-up. Compared to those in the reference group, the patients rated themselves significantly poorer before the programme for the variables measured over time (p=/<0.004). All variables improved significantly for the patients in the reference group at one-year follow-up. CONCLUSIONS: Patients with chronic pain and inadequate language skills in the Swedish language seem to benefit from participating in an interdisciplinary pain rehabilitation programme with language interpreters. The result could be of value for the further development of such rehabilitation programmes, but further studies are needed regarding men´s needs in and after a rehabilitation programme. Ethical committee number (IRB#/REC#): Regional ethics review board Stockholm, ref: 2016/858-31; completion 2016/2059-32 and 2020/06982."
17535121,Latino immigrants' intentions to seek depression care.,2007,Am J Orthopsychiatry,"Journal Article; Research Support, N.I.H., Extramural",eng,"This study examined the role that illness perceptions, attitudes toward  depression treatments, and subjective norms played in Latino immigrants' intentions to seek depression care. Ninety-five Latino immigrant patients were presented a vignette depicting an individual with major depression and interviewed about their intentions to seek care if confronted with a similar situation. Patients' preferences were to rely on informal sources of care first, and then turn to formal sources to cope with depression. Findings showed Latinos immigrants' help-seeking intentions for depression were a function of their views of depression, attitudes toward their doctors' interpersonal skills, and social norms related to seeking professional care after controlling for demographics, health insurance status, acculturation, clinical characteristics, perceived barriers to care, and past service use."
24599058,"Is violent radicalisation associated with poverty, migration, poor self-reported  health and common mental disorders?",2014,PLoS One,Journal Article,eng,"BACKGROUND: Doctors, lawyers and criminal justice agencies need methods to assess  vulnerability to violent radicalization. In synergy, public health interventions aim to prevent the emergence of risk behaviours as well as prevent and treat new illness events. This paper describes a new method of assessing vulnerability to violent radicalization, and then investigates the role of previously reported causes, including poor self-reported health, anxiety and depression, adverse life events, poverty, and migration and socio-political factors. The aim is to identify foci for preventive intervention. METHODS: A cross-sectional survey of a representative population sample of men and women aged 18-45, of Muslim heritage and recruited by quota sampling by age, gender, working status, in two English cities. The main outcomes include self-reported health, symptoms of anxiety and depression (common mental disorders), and vulnerability to violent radicalization assessed by sympathies for violent protest and terrorist acts. RESULTS: 2.4% of people showed some sympathy for violent protest and terrorist acts. Sympathy was more likely to be articulated by the under 20s, those in full time education rather than employment, those born in the UK, those speaking English at home, and high earners (>£75,000 a year). People with poor self-reported health were less likely to show sympathies for violent protest and terrorism. Anxiety and depressive symptoms, adverse life events and socio-political attitudes showed no associations. CONCLUSIONS: Sympathies for violent protest and terrorism were uncommon among men and women, aged 18-45, of Muslim heritage living in two English cities. Youth, wealth, and being in education rather than employment were risk factors."
37339520,Is breastfeeding duration related to the health of migrant mother-child dyads  experiencing homelessness? The ENFAMS cross-sectional survey.,2023,Eur J Public Health,"Journal Article; Research Support, Non-U.S. Gov't",eng,"BACKGROUND: Literature from the general population shows a consensus about the  health benefits associated with breastfeeding for both mothers and children. However, studies investigating these issues in the context of homelessness and migration are rare. This research aimed to examine the relations of any breastfeeding duration with health outcomes among migrant mother-child dyads experiencing homelessness. METHODS: Data were collected among sheltered and mainly foreign-born mothers experiencing homelessness, and their children aged 6 months to 5 years, from the ENFAMS cross-sectional survey (n = 481, 2013-Great Paris area). Any breastfeeding duration, along with various health outcomes of both the mother and her child, was ascertained by face-to-face questionnaires administered by trained interviewers to mothers (perceived physical and emotional health and maternal depression) or by trained psychologists to children (adaptive behaviours). Nurses measured weight and height [thus allowing them to calculate body mass index (BMI)] and haemoglobin concentration (mother-child dyad) and maternal blood pressure. Multivariable linear and modified Poisson regression analyses were performed to examine outcome-wide associations between any breastfeeding duration ≥6 months and the various mother-child outcomes. RESULTS: Any breastfeeding ≥6 months was associated with lower systolic blood pressure in mothers (B = -0.40, 95% confidence interval = -0.68 to -0.12). No association was observed with the other outcomes. CONCLUSIONS: The relevance of supporting breastfeeding to improve mothers' physical health holds true in the context of migration and homelessness. It is therefore important to support breastfeeding in these settings. Moreover, given the documented social complexity of breastfeeding practices, interventions should take mothers' socio-cultural heritage and the structural barriers they face into account."
29101148,"Mental health of South Asian youth in Peel Region, Toronto, Canada: a qualitative  study of determinants, coping strategies and service access.",2017,BMJ Open,Journal Article,eng,"OBJECTIVES: This qualitative study set out to understand the mental health  challenges and service access barriers experienced by South Asian youth populations in the Peel Region of Toronto, Canada. SETTING: In-depth semistructured interviews were carried out with South Asian youth living in Peel Region (Mississauga, Brampton and Caledon), a suburb of Toronto, Canada, home to over 50% of Ontario's South Asian population. PARTICIPANTS: South Asian youth (n=10) engaged in thoughtful, candid dialogue about their mental health and service access barriers. PRIMARY AND SECONDARY OUTCOME MEASURES: Qualitative interview themes related to mental health stressors and mental health service access barriers experienced by youth living in Peel Region were assessed using thematic analysis. RESULTS: South Asian youth face many mental health stressors, from intergenerational and cultural conflict, academic pressure, relationship stress, financial stress and family difficulties. These stressors can contribute to mental health challenges, such as depression and anxiety and drug use, with marijuana, alcohol and cigarettes cited as the most popular substances. South Asian youth were only able to identify about a third (36%) of the mental health resources presented to them and did not feel well informed about mental health resources available in their neighbourhood. CONCLUSIONS: They offered recommendations for improved youth support directed at parents, education system, South Asian community and mental health system. Institutions and bodies at all levels of the society have a role to play in ensuring the mental health of South Asian youth."
31918760,A brief transdiagnostic psychological intervention for Afghan asylum seekers and  refugees in Austria: a randomized controlled trial.,2020,Trials,Journal Article; Randomized Controlled Trial,eng,"BACKGROUND: Asylum seekers and refugees are at great risk for developing mental  disorders. Afghan refugees are a particularly vulnerable group with a low average education and mental health literacy level. Traumatic experiences and hardship before and during migration are predictive of mental health problems. However, post-migration living difficulties (PMLDs) also account for a large proportion of mental distress in such populations, which, critically, are not sufficiently considered in treatment protocols and research investigations. Indeed, the evidence base for the treatment of refugees and asylum seekers is sparse and limited mainly to trauma-specific treatments, where refugees may likely suffer from other mental health problems such as depression or anxiety. METHODS/DESIGN: This trial is the first evaluation of a short-term, transdiagnostic treatment protocol for treatment-seeking Afghan refugees which addresses mental health problems and PMLDs while using an adapted version of the Problem Management Plus (PM+) protocol. Here, we will investigate the efficacy of an intervention manual with a prospective, single-center, randomized, assessor-blind, two-group trial among refugees who are on a waiting list for professional mental health treatment. Furthermore, we will investigate participants' subjective experiences with the intervention manual via in-depth interviews. One hundred twenty people will be assessed and randomly allocated to either the intervention arm or a treatment-as-usual arm. Clinical psychologists will conduct the treatment, and the sessions will take place with a Dari interpreter. The protocol consists of six 90-min sessions. The primary endpoint is the general symptom distress measure, assessed with the General Health Questionnaire 28 (GHQ-28). Secondary endpoints are the Post-Migration Living Difficulties Checklist (PMLDC), the International Trauma Questionnaire (ITQ), the World Health Organization Quality of Life Questionnaire (WHOQOL-BREF), the Psychological Outcome Profile (PSYCHLOPS), service and health care use (assessed with several items), and the Immigrant Integration Index (IPL-12). DISCUSSION: This trial may provide substantial evidence for a brief transdiagnostic psychological intervention. Here, we intend to contribute to the treatment of mental health problems among Afghan refugees. The assessment of subjective experience with this treatment manual, as well as the evaluation of its clinical applicability, may optimize treatment acceptance and outcomes across a wide range of mental health problems among refugees. TRIAL REGISTRATION: German Clinical Trials Register (DRKS) registration number: DRKS00016538. Universal Trial Number: U1111-1226-3285. Registered on January 7, 2019. https://www.drks.de/drks_web/setLocale_EN.do."
32349527,The role of self-rated mental health in seeking professional mental health  services among older Korean immigrants.,2021,Aging Ment Health,"Journal Article; Research Support, N.I.H., Extramural; Research Support, Non-U.S. Gov't",eng,"OBJECTIVES: The gap between mental health needs and service use in racial/ethnic  minorities continues to be a major public health concern. Focusing on older Korean immigrants, the present study examined linkages among mental distress, self-rated mental health (SRMH), and the use of professional mental health services. We hypothesized that SRMH would play a mediating role in the relationship between mental distress and the use of professional mental health services. METHOD: Using data from the Study of Older Korean Americans (SOKA; N = 2,150, Mean age = 73.4), the direct and indirect effect models were tested. RESULTS: Nearly 30% of the sample fell within the category of experiencing mental distress, but only a small proportion (5.7%) had used professional mental health services. Supporting our hypothesis, the pathway from mental distress to the use of professional mental health services was influenced by an individual's subjective perception of mental health status: the indirect effect of mental distress on service use through SRMH (.04 [.01]) was significant (bias-corrected 95% confidence interval for the indirect effect = .02, .06). CONCLUSION: The findings of this study not only contribute to our understanding of help-seeking processes in a group at high mental health risk but also suggest avenues to promote their use of mental health services."
22487345,Under-use of migrants' employment skills linked to poorer mental health.,2012,Aust N Z J Public Health,"Journal Article; Research Support, Non-U.S. Gov't",eng,"OBJECTIVE: Since the mid-1990s Australia's immigration program has focused on  encouraging skilled migration. This study investigated skill usage in three longitudinal studies of immigrants to Australia and examined if there is an association with mental health status. METHODS: Three Longitudinal Surveys of Immigrants to Australia (LSIA), with multiple data collection waves, were conducted between 1994 and 2006. Some 5,192 primary applicants participated in LSIA1, 3,124 in LSIA2 and 9,865 in LSIA3. Data collected included demographics and employment history in all surveys as well as mental health in LSIA1 and 2. RESULTS: Among migrants in LSIA 1, 49% reported working in jobs in which they used their skills sometimes, rarely or never, 3½ years after immigrating. This was not solely explained by English language proficiency as 47% of migrants who reported speaking English well or very well did not use their qualifications in their job. Migrants who did not use their job qualifications at wave three had a worse GHQ-12 score at wave three after adjusting for age, sex, country of birth and highest educational qualification. There was no difference in wave one or wave two GHQ-12 score between those who did or did not use their job qualifications at wave three. The pattern was similar for those migrants in LSIA 2. CONCLUSIONS AND IMPLICATIONS: There is a large under-utilisation of employment skills in the migrant population in Australia up to 3½ years after immigrating. This is associated with poorer mental health."
35072943,Mental Health and COVID-19 Pandemic Stressors Among Latina/o/x College Students  with Varying Self and Parental Immigration Status.,2023,J Racial Ethn Health Disparities,"Journal Article; Research Support, Non-U.S. Gov't",eng,"The COVID-19 pandemic has produced significant psychological distress for college  students due to the sudden proliferation of stressors. We examine whether and how self and parental immigration status contributes to Latina/o/x college students' mental health and pandemic stressors during the initial months of the pandemic. We draw on quantitative and qualitative survey data collected in March-June 2020 with 1,600 Latina/o/x University of California undergraduate students from three self-identified groups: undocumented students, US citizens with at least one undocumented parent, and US citizens with lawfully present parents. Quantitative analyses reveal that the pandemic produced widespread negative mental health effects but the severity of these effects did not differ by self/parental immigration status. Our qualitative analyses identify common pandemic-related stressors across our three student groups (financial insecurity, COVID-19 virus concerns, academic strains, and social dynamics); however, undocumented students and US citizens with undocumented parents identify unique aspects of these stressors due to legal vulnerabilities. Self and parental undocumented status also compromises the ability to manage common pandemic stressors because of immigration status-related exclusion from necessary resources. Ultimately, we argue that the high-stress nature of the pandemic elevated mental distress across all student groups, but the structural exclusion of undocumented immigrants contributes to unique experiences of stress among Latina/o/x undocumented students and US citizen students with undocumented parents."
15877552,Effect of race and sex on primary care physicians' diagnosis and treatment of  late-life depression.,2005,J Am Geriatr Soc,"Clinical Trial; Comparative Study; Journal Article; Randomized Controlled Trial; Research Support, Non-U.S. Gov't; Research Support, U.S. Gov't, Non-P.H.S.",eng,"OBJECTIVES: To examine primary care physician (PCP) contributions toward racial  and sex differences in the diagnosis and treatment of late-life depression. DESIGN: Survey using a computerized instrument incorporating video interviews and text, with volunteer PCPs randomly assigned to one of four standardized video vignettes of an elderly patient depicting late-life depression. Vignettes differed only in the patient/actor's race (white/African-American) or sex. SETTING: American Academy of Family Physicians meeting, San Diego, California, 2002. PARTICIPANTS: One hundred seventy-eight U.S.-practicing postresidency PCPs who were asked to participate in a clinical decision-making study. MEASUREMENTS: The computerized survey instrument assessed PCPs' diagnoses, first-line treatment and management recommendations, and judgment of personal characteristics/behaviors for the patients in the vignettes. RESULTS: Eighty-five percent of all PCPs correctly diagnosed the elderly patient(s) with major depression. There were no significant differences in the diagnosis of depression, treatment recommendations, or PCP assessment of most patient characteristics by the race or sex of the patient/actor in the vignette, but PCP characteristics, most notably the location of medical school training (U.S. vs international), affected the likelihood of a depression diagnosis and treatment recommendations. CONCLUSION: Given standardized symptom-pictures, PCPs are just as likely to diagnose and treat depression in African-American as in white older people, suggesting that bias based simply on apparent patient race is not a likely explanation for the lower rates of depression diagnosis and treatment in older African Americans. PCPs who have trained at international medical schools may benefit from targeted training initiatives on the diagnosis and treatment of late-life depression."
19899924,Experiences of discrimination among Chinese American adolescents and the  consequences for socioemotional and academic development.,2009,Dev Psychol,"Journal Article; Research Support, N.I.H., Extramural",eng,"This longitudinal study examined the influences of discrimination on  socioemotional adjustment and academic performance for a sample of 444 Chinese American adolescents. Using autoregressive and cross-lagged techniques, the authors found that discrimination in early adolescence predicted depressive symptoms, alienation, school engagement, and grades in middle adolescence but that early socioemotional adjustment and academic performance did not predict later experiences of discrimination. Further, their investigation of whether earlier or contemporaneous experiences of discrimination influenced developmental outcomes in middle adolescence indicated differential effects, with contemporaneous experiences of discrimination affecting socioemotional adjustment, whereas earlier discrimination was more influential for academic performance. Finally, they found a persistent negative effect of acculturation on the link between discrimination and adolescents' developmental outcomes, such that those adolescents who were more acculturated (in this case, higher in American orientation) experienced more deleterious effects of discrimination on both socioemotional and academic outcomes."
37268912,"Life course rural/urban place of residence, depressive symptoms and cognitive  impairment among older adults: findings from the Longitudinal Aging Study in India.",2023,BMC Psychiatry,"Journal Article; Research Support, N.I.H., Extramural; Research Support, Non-U.S. Gov't",eng,"BACKGROUND: Given the unique socioeconomic structures, and the rural/urban  differentials in the prevalence of mental illnesses in the country, this study aimed to explore the associations of childhood, adulthood and late-life rural/urban place of residence with mental health outcomes, namely depressive symptoms and cognitive impairment, among older adults in India. The study also examined the relationship between older individuals' life-course rural/urban place of residence and late-life mental and cognitive health. METHODS: Utilizing data from the Longitudinal Aging Study in India (n = 28,027 older adults age 60 years and above), the study employed multivariable logistic and linear regression models to examine the association between urban/rural residential status, life-course residence, depressive symptoms and cognitive impairment among older adults. RESULTS: Childhood and adulthood place of residence was not associated with depressive symptoms in older men and women. Current rural place of residence was positively associated with depressive symptoms in older women [adjusted odds ratio (aOR): 1.37, confidence interval (CI): 1.05-1.80] but not men. Childhood [aOR: 1.88, CI: 1.16-3.04], adulthood [aOR: 2.00, CI: 1.26-3.16] and current rural residence [aOR: 1.93, CI: 1.27-2.91] was positively associated with cognitive impairment in men. Only current rural residence [aOR: 1.71, CI: 1.29-2.27] was associated with cognitive impairment in women. There was no significant association between life-course place of residence and depressive symptoms except in case of lifetime rural residence Respondents with urban-urban-urban (childhood-adulthood-current) place of residence were less likely to have depressive symptoms [adjusted coefficient (aCoef.): -0.14, CI: -0.21- -0.07] compared to those with rural-rural-rural place of residence. There were significant associations between life-course residence and cognitive impairment except among rural-urban-rural and urban-rural-rural migrants, showing an urban advantage in cognitive function among older adults. CONCLUSIONS: This study showed significant associations between life-course residence and depressive symptoms among permanent rural/urban residents. The study also showed significant associations between life-course residence and cognitive impairment except among rural-urban-rural and urban-rural-rural migrants. Considering the rural disadvantage in mental and cognitive health among older adults, the government should continue to support policies that can improve access to education and healthcare among people residing in rural areas and women, in particular. The findings also urge social scientists and gerontologists in particular, to consider the importance of lifetime historical context while evaluating mental and cognitive health of older persons."
17503105,PTSD in urban primary care: high prevalence and low physician recognition.,2007,J Gen Intern Med,"Journal Article; Research Support, N.I.H., Extramural; Research Support, Non-U.S. Gov't",eng,"BACKGROUND: Posttraumatic stress disorder (PTSD) is associated with medical and  psychological morbidity. The prevalence of PTSD in urban primary care has not been well described. OBJECTIVE: To measure the prevalence of PTSD in primary care patients overall and among those with selected conditions (chronic pain, depression, anxiety, heavy drinking, substance dependence (SD), irritable bowel syndrome (IBS), and immigrant status). DESIGN: Cross-sectional study. PARTICIPANTS: English-speaking patients aged 18-65 years old, awaiting primary care appointments in an urban academic medical center, were eligible for enrollment to determine PTSD prevalence (N = 509). Additional eligible participants (n = 98) with IBS or SD were subsequently enrolled. MEASUREMENTS: PTSD (past year) and trauma exposure were measured with Composite International Diagnostic Interview. We calculated the prevalence of PTSD associated with depression, anxiety, heavy drinking, SD, IBS, and chronic pain. Only the analyses on heavy drinking, SD, and IBS used all 607 participants. RESULTS: Among the 509 adults in primary care, 23% (95% CI, 19-26%) had PTSD, of whom 11% had it noted in the medical record. The prevalence of PTSD, adjusted for age, gender, race, and marital and socioeconomic statuses, was higher in participants with, compared to those without, the following conditions: chronic pain (23 vs 12%, p = .003), major depression (35 vs 11%, p < .0001), anxiety disorders (42 vs 14%, p < .0001), and IBS (34 vs 18%, p = .01) and lower in immigrants (13 vs 21%, p = .05). CONCLUSIONS: The prevalence of PTSD in the urban primary care setting, and particularly among certain high-risk conditions, compels a critical examination of optimal approaches for screening, intervention, and referral to PTSD treatment."
35834550,Health care professionals' experiences of screening immigrant mothers for  postpartum depression-a qualitative systematic review.,2022,PLoS One,Journal Article; Systematic Review,eng,"INTRODUCTION: Postpartum depression is considered a major public health problem,  which immigrant mothers are at particular risk of being affected by, but it can also have long-lasting traumatic effects on the child's health and development. The Edinburgh Postnatal Depression Scale is the world's most commonly employed screening instrument for postpartum depression, used in connection with a clinical interview to screen for symptoms of postpartum depression. The aim of this study was to synthesize health care professionals (HCPs) experiences of identifying signs of postpartum depression and performing screening on immigrant mothers, since previous research suggested that this task might be challenging. METHODS: The databases CINAHL, PubMed, PsycINFO, SocINDEX, Embase and Cochrane were searched for papers published January 2000-December 2020, reporting qualitative data on immigrants, postpartum depression and the Edinburgh Postnatal Depression Scale. Eight papers representing eight studies from four countries were included and the Critical Appraisal Skills Program was used to assess their quality. The synthesis of studies was guided by Noblit & Hare's seven-step method based on meta-ethnography. FINDINGS: The synthesis resulted in two final themes: ""I do my best, but I doubt that it's enough"" and ""I can find no way forward"". The themes convey the fear and frustration that health care professionals experienced; fear of missing mothers with signs of postpartum depression, related to feeling uncomfortable in the cross-cultural setting and frustration in handling difficulties associated with communication, translated versions of the Edinburgh Postnatal Depression Scale and cultural implications of postpartum depression. CONCLUSIONS AND CLINICAL IMPLICATION: By supporting HCPs' self-efficacy in handling cultural implications of postpartum depression and by developing evidence-based clinical guidelines for the use of interpreters and translated versions of the Edinburgh Postnatal Depression Scale the screening of immigrant mothers may be facilitated."
38877412,mHealth based intervention by social care professionals to support family  caregivers to persons with dementia living at home in Sweden (Caregiver Connect): a randomized controlled trial.,2024,BMC Geriatr,Journal Article; Randomized Controlled Trial,eng,"BACKGROUND: The majority of persons with dementia in Sweden reside in their own  homes with support from family members. Approximately, 12% of persons with dementia have immigrant background. Within the next 20 years, the number of persons with dementia who are non-ethnic Swedes is said to double. Family caregivers with immigrant backgrounds are noted to receive less support in the community than ethnic Swedes and rate their health status lower than ethnic Swedish peers. The Swedish National Board of Health and Welfare have highlighted the importance of follow-up support for family caregivers with immigrant backgrounds as there is a recognized gap in research and available information tailored to meet the needs of this group. PURPOSE OF THE STUDY: The purpose of the study is to test effectiveness of an mHealth based intervention through which community social workers can improve caregiving competence of non-European immigrant family caregivers of people with dementia living at home in Sweden. The overarching aim is to reduce caregiver burden and depressive symptoms, and improve quality of life. METHODS: A randomized controlled trial (RCT) including wait list control group will be performed consisting of an intervention group (A, n = 44) and a wait list control group (B, n = 44), totaling a sample size of 88. On completion of the 10-weeks long intervention in the intervention group, the intervention will be delivered to group B. Effect of the intervention will be analyzed between and within groups over time. The content of the educational component of the intervention is inspired by the iSupport manual developed by the World Health Organization. The contents, in the form of a booklet, aims to equip the family caregivers with structured information on understanding dementia as a condition and its management at home, including self-care guidance designed specifically for family caregivers themselves. DISCUSSION: Similar telephone-delivered intervention studies targeted for family caregivers to persons with dementia are ongoing in Malaysia and will start in India using the same booklet adapted to the local context. These studies will provide evidence on the effectiveness of using digital technologies to deliver support to those who may not be reached or adequately served by the traditional healthcare system. TRIAL REGISTRATION: ISRCTN registry, Registration number ISRCTN64235563."
38951005,"Integrating evidence and causal mapping of help-seeking behaviour of migrant  women with postpartum depression in Shanghai, China: a scoping review protocol.",2024,BMJ Open,"Journal Article; Research Support, Non-U.S. Gov't",eng,"INTRODUCTION: The estimated prevalence of postpartum depression (PPD) worldwide,  in China, and Shanghai is 17.2%, 18.0% and 23.2%, respectively. In 2021, Shanghai housed a population of 3.2 million childbearing-age migrant women, most of whom migrated to the city with their husbands for economic reasons. There is a general lack of help-seeking behaviour for mental disorders in China due to the perceived risk of social stigmatisation. In Shanghai, 70% of women did not seek professional help for perinatal mental health problems. We aim to gather information from multiple perspectives, such as the migrant women with PPD and perinatal depression (PND), their caregivers, health service providers and communities, to understand the help-seeking behaviour of postpartum migrant women with PPD or PND in China. METHODS AND ANALYSIS: The Preferred Reporting Items for Systematic Reviews and Meta-Analyses framework for Scoping Reviews will guide this review. A bilingual research librarian developed a comprehensive search strategy to retrieve published and unpublished English and Chinese studies involving factors influencing women's PPD or PND help-seeking behaviour in China. This literature includes perceptions, views, patterns, acceptance and refusal, tendencies, probability, service accessibility and utilisation, and facts. We will search PubMed, Embase, Web of Science and CINAHL for English literature and CINKI for Chinese literature. Backward and forward snowball approaches will be used to identify additional relevant papers from the reference lists of selected papers. Two independent reviewers will screen the title and abstract and review the full text of selected papers to identify eligible articles for data extraction. We will build a Microsoft Access database to record the extracted data. The results will be presented in tables and a causal map to demonstrate the relationships between extracted variables and help-seeking behaviours for PPD and PND. A conceptual simulation model will be formulated based on the information from the literature to validate the logic of the relationships between variables, identify knowledge gaps and gain insights into potential intervention approaches. Experts and stakeholders will be invited to critique and comment on the results during group model building (GMB) workshops in Shanghai. These comments will be essential to validate the findings, receive feedback and obtain additional insights. ETHICS AND DISSEMINATION: The literature review component of our study does not require ethical approval because the information and data collected will be obtained from publicly available sources and will not involve human subjects. Our collaborating research partner, International Peach Maternal Child Hospital, obtained the IRB approval (GKLW-A-2023-020-01) for screening and enrolling participants in GMB workshops. Stanford University received IRB approval under protocol number 67 419. The full review will be presented at a relevant conference and submitted to a peer-reviewed scientific journal for publication to report findings."
41584174,Factors influencing the psychological help-seeking behaviour of migrant older  adults in China: a cross-sectional study.,2025,Front Public Health,Journal Article,eng,"BACKGROUND: Psychological help-seeking behaviour is a key determinant of mental  health outcomes. However, studies on psychological help-seeking behaviour that focus on older adults are very limited, especially for migrant older adults. Identifying contributing factors could inform tailored interventions to enhance help-seeking behaviour amongst this vulnerable population. This study aimed to explore the current status and influencing factors of psychological help-seeking behaviour amongst migrant older adults under the guidance of the COM-B model. METHODS: A cross-sectional study was conducted with a convenience sample of 345 migrant older adults from Huzhou, Zhejiang Province, China, and the participants were assessed using the Depression Anxiety Stress Scale (DASS-21), General Help-Seeking Questionnaire (GHSQ), Actual Help-Seeking Questionnaire (AHSQ), Attitudes Towards Seeking Professional Psychological Help Scale-Short Form (ATSPPH-SF), Questionnaire of Stigma for Seeking Professional Psychological Help (SSPPH), Mental Health Literacy Scale (MHLS), and Perceived Social Support Scale (PSSS). RESULTS: The analysis found that 146 participants (42.32%) reported psychological distress, of whom 99 (67.81%) sought help, whereas only 11 (11.11%) used professional services, highlighting the markedly low utilisation of professional psychological support. Multiple linear regression revealed that sex, reemployment/volunteering, psychological distress, mental health literacy, perceived social support and the intention to seek nonprofessional help were significantly associated with nonprofessional help seeking. Psychological distress, mental health literacy and the intention to seek professional help were associated with professional help seeking. CONCLUSION: A substantial proportion of migrant older adults experiencing psychological distress did not seek professional help, revealing gaps in help-seeking behaviour. This study highlights that targeted interventions should be developed to reduce structural barriers and enhance the help-seeking motivation, opportunity and capacity of older migrant adults."
36456993,"Symptoms of depression and anxiety, and unmet healthcare needs in adults during  the COVID-19 pandemic: a cross-sectional study from the Canadian Longitudinal Study on Aging.",2022,BMC Public Health,"Journal Article; Research Support, Non-U.S. Gov't",eng,"BACKGROUND: The COVID-19 pandemic disrupted access to healthcare services in  Canada. Research prior to the pandemic has found that depression and anxiety symptoms were associated with increased unmet healthcare needs. The primary objective of this study was to examine if mental health was associated with perceived access to healthcare during the pandemic METHODS: A cross-sectional study was conducted using data from 23,972 participants (aged 50-96) in the Canadian Longitudinal Study on Aging COVID-19 Exit Survey (Sept-Dec 2020). We used logistic regression to estimate how the presence of depression and anxiety symptoms, defined using scores of ≥10 on the Center for Epidemiologic Studies Depression Scale and ≥10 on the Generalized Anxiety Disorder Scale, were associated with the odds of reporting: 1) challenges accessing healthcare, 2) not going to a hospital or seeing a doctor when needed, 3) experiencing barriers to COVID-19 testing. Models were adjusted for sex, age, region, urban/rural residence, racial background, immigrant status, income, marital status, work status, chronic conditions, and pre-pandemic unmet needs. RESULTS: The presence of depressive (aOR=1.96; 95% CI=1.82, 2.11) and anxiety symptoms (aOR=2.33; 95% CI=2.04, 2.66) compared to the absence of these symptoms were independently associated with higher odds of challenges accessing healthcare. A statistically significant interaction with sex suggested stronger associations in females with anxiety. Symptoms of depression (aOR=2.88; 95% CI=2.58, 3.21) and anxiety (aOR=3.05; 95% CI=2.58, 3.60) were also associated with increased odds of not going to a hospital or seeing a doctor when needed. Lastly, depressive (aOR=1.99; 95% CI=1.71, 2.31) and anxiety symptoms (aOR=2.01; 95% CI=1.58, 2.56) were associated with higher odds of reporting barriers to COVID-19 testing. There was no significantly significant interaction with sex for the latter two outcomes. CONCLUSION: The presence of depression and anxiety symptoms were strongly associated with perceived unmet healthcare needs during the COVID-19 pandemic. Interventions to improve healthcare access for adults with depression and anxiety during the pandemic may be necessary."
26118747,Maternal Filicide among Women Admitted to Forensic Psychiatric Institutions in  Malaysia: Case Series.,2015,East Asian Arch Psychiatry,"Case Reports; Journal Article; Research Support, Non-U.S. Gov't",eng,"OBJECTIVES: To examine the characteristics of maternal filicide and describe the  adverse life events experienced by women who have committed filicide and been hospitalised in forensic psychiatric institutions in Malaysia. METHODS: Registration records from 2000 through 2012 of female patients from 2 main forensic psychiatric institutions in Malaysia were reviewed. The medical records of patients who had committed maternal filicide were selected and descriptively evaluated. RESULTS: A total of 18 cases of maternal filicide were identified. Family dysfunction that presented with marital discord, domestic violence, or husband with substance abuse was the main stress experienced by the women. Three social circumstances, including an adolescent who became a victim of date rape; immigrants who experienced sexual abuse; and filicide-suicide precipitated by financial difficulties were highlighted. CONCLUSION: Women who committed filicide had experienced various difficulties in their life. The presence of such life events might alert mental health professionals to investigate the possibility of filicide among their patients."
24186359,"Mental health and migration: depression, alcohol abuse, and access to health care  among migrants in Central Asia.",2014,J Immigr Minor Health,"Journal Article; Research Support, Non-U.S. Gov't",eng,"One-fifth of Kazakhstan's population is labor migrants working in poor conditions  with limited legal rights. This paper examines self-rated health, mental health and access to health care among migrant workers. Using geo-mapping, a random sample of internal and external migrant market workers was selected in Almaty (N = 450). We used survey logistic regression adjusted for clustering of workers within stalls. Almost half of participants described their health as fair or poor and reported not seeing a doctor when needed, 6.2% had clinical depression and 8.7% met criteria for alcohol abuse. Female external migrants were at higher risk for poor health and underutilization of health services. High mobility was associated with depression among internal migrants and with alcohol abuse among female migrant workers. This study demonstrates the urgent need to address health and mental health needs and improve access to health care among labor migrants in Central Asia."
39063431,Dignity of Work and at Work: The Relationship between Workplace Dignity and  Health among Latino Immigrants during the COVID-19 Pandemic.,2024,Int J Environ Res Public Health,"Journal Article; Research Support, Non-U.S. Gov't",eng,"Latino immigrants living in the United States were highly vulnerable to the  health and economic consequences brought on by the COVID-19 pandemic. We use the conceptual framing of workplace dignity, worth that is acknowledged based on performance of job responsibilities, to explore Latino immigrants' experiences during the early months of the pandemic. A qualitative study was conducted with La Clínica del Pueblo (La Clínica), a community health center serving low-income Latino immigrants. From June to December 2020, we conducted in-depth video interviews with 29 Latino immigrant clients to explore pandemic-related challenges, including workplace changes, discriminatory experiences, and effects on health. We conducted thematic analysis using Dedoose software. Nearly half of participants were undocumented immigrants. Most participants were unemployed or underemployed due to the pandemic and 26-49 years of age; one-third were still working, and one-quarter were 50 years or older. About half were cisgender women and two were transgender women. Employed participants experienced a lack of dignity through being socially isolated and stigmatized at work; receiving no compensation for their extra labor or for sick leave; and experiencing discriminatory labor practices. Unemployed participants experienced a lack of dignity in being the first to lose their jobs without government support; losing self-esteem; and not being rehired. Participants associated denial of dignity with worsening health conditions and increased anxiety and depression. Our study suggests that denial of workplace dignity-through job loss, underemployment, and poor working conditions-is linked to adverse health outcomes for Latino immigrants. More research should recognize workplace dignity as an important social determinant of health."
29202665,The Social Determinants of Refugee Mental Health in the Post-Migration Context: A  Critical Review.,2018,Can J Psychiatry,Journal Article; Review,eng,"With the global increase in the number of refugees and asylum seekers, mental  health professionals have become more aware of the need to understand and respond to the mental health needs of forced migrants. This critical review summarizes the findings of recent systematic reviews and primary research on the impact of post-migration conditions on mental disorders and PTSD among refugees and asylum seekers. Historically, the focus of mental health research and interventions with these populations has been on the impact of pre-migration trauma. Pre-migration trauma does predict mental disorders and PTSD, but the post-migration context can be an equally powerful determinant of mental health. Moreover, post-migration factors may moderate the ability of refugees to recover from pre-migration trauma. The importance of post-migration stressors to refugee mental health suggests the need for therapeutic interventions with psychosocial elements that address the broader conditions of refugee and asylum seekers' lives. However, there are few studies of multimodal interventions with refugees, and even fewer with control conditions that allow for conclusions about their effectiveness. These findings are interpreted using a social determinants of health framework that connects the risk and protective factors in the material and social conditions of refugees' post-migration lives to broader social, economic and political factors."
31703660,Predictors of professional help-seeking for emotional problems in Afghan and  Iraqi refugees in Australia: findings from the Building a New Life in Australia Database.,2019,BMC Public Health,Journal Article,eng,"BACKGROUND: Refugees are particularly vulnerable to poor mental health outcomes  due to exposure to pre migration trauma and post migration stressors. Research has demonstrated evidence to suggest that the professional help-seeking among refugee groups is low or problematic. This study seeks to examine help-seeking for emotional problems in two large samples of Iraqi and Afghan refugees in Australia. METHODS: This study uses data from two waves of the Building a New Life in Australia, the longitudinal study of Humanitarian migrants. The data was collected face-to-face between 2013 and 2016, among humanitarian migrants. All participants held a permanent protection visa and had arrived in Australia or been granted their visa between period of May to December 2013. The study sample included 1288 participants born in Iraq and Afghanistan (aged 15 and over). In the Wave 3 interview (2015-2016) participants reported on professional help received to deal with emotional problems. RESULTS: Approximately 36 and 37% of the Iraqi and Afghan groups respectively, reported seeking help for emotional problems. Within the Iraqi group, associations between mental health status, namely general psychological distress and PTSD and help-seeking were found but this was not present in the Afghan group, where age seemed to play a role in help-seeking. Frequency of help received was low with approximately 47% of the Iraqi and 57% of the Afghan groups reporting having received help 5 times or less in the last 12 months. CONCLUSIONS: Findings from this study provide clear directions on areas where culturally tailored mental health promotion programs should target in these two refugee communities. Further, the differences in help-seeking behaviour of these communities should be noted by both clinicians and policy makers as efforts to provide culturally responsive mental health services."
27357550,Identification of Emotional Distress Among Asylum Seekers and Migrant Workers by  Primary Care Physicians: A Brief Report.,2015,Isr J Psychiatry Relat Sci,Journal Article,eng,"BACKGROUND: Emotional distress (ED) is prevalent among immigrants. The open  clinic of Physicians for Human Rights (PHR)-Israel provides free medical and psychiatric treatment to immigrants without access to the ambulatory health service. In 2010, the psychiatric records represented 1% of the total medical files (N=28,000) in the open clinic. OBJECTIVE: To compare service users' self-reported ED and its identification by general practitioners (GP) and to identify socio-demographic variables associated with ED. METHOD: A convenience sample (N=97) of the general medical service users completed the 12-item version of the General Health Questionnaire (GHQ-12). A score of 11 or above was considered a suspected mental disorder. The GPs' clinical assessment of ED was compared with the self-reported score. RESULTS: The sample's mean GHQ-12 score was higher than the threshold (M=12.7, SD=6.3, range 0-35). Fifty three percent (n=51) had a GHQ-12 score higher than 11, and 8% (n=8) were identified by the GPs as emotionally distressed and/or in need of psychiatric care. The mean score of the study sample was higher than that found in past studies regarding the Arab-Israeli general population (M=10.8, SD=0.35). Employment was the only socio-demographic variable significantly associated with ED. CONCLUSIONS: ED was high among immigrants, but under-diagnosed by GPs. Employment might serve as a protective factor for ED."
31588699,"Microbusinesses and Occupational Stress: Emotional Demands, Job Resources, and  Depression Among Korean Immigrant Microbusiness Owners in Toronto, Canada.",2019,J Prev Med Public Health,Journal Article,eng,"OBJECTIVES: While occupational stress has long been a central focus of  psychological research, few studies have investigated how immigrant microbusiness owners (MBOs) respond to their unusually demanding occupation, or how their unresolved occupational stress manifests in psychological distress. Based on the job demands-resources model, this study compared MBOs to employees with regard to the relationships among emotional demands, job resources, and depressive symptoms. METHODS: Data were derived from a cross-sectional survey of 1288 Korean immigrant workers (MBOs, professionals, office workers, and manual workers) aged 30 to 70, living in Toronto and surrounding areas. Face-to-face interviews were conducted between March 2013 and November 2013. RESULTS: Among the four occupational groups, MBOs appeared to endure the greatest level of emotional demands, while reporting relatively lower levels of job satisfaction and job security; but MBOs reported the greatest job autonomy. The effect of emotional demands on depressive symptoms was greater for MBOs than for professionals. However, an inspection of stress-resource interactions indicated that though MBOs enjoyed the greatest autonomy, the protective effects of job satisfaction and security on the psychological risk of emotional demands appeared to be more pronounced for MBOs than for any of the employee groups. CONCLUSIONS: One in two Korean immigrants choose self-employment, most typically in family-owned microbusinesses that involve emotionally taxing dealings with clients and suppliers. However, the benefits of job satisfaction and security may protect MBOs from the adverse mental health effects of job stress."
38250794,"Mental health and societal challenges among forced migrants of diverse sexual  orientations, gender identities and gender expressions: health professionals' descriptions and interpretations.",2024,Cult Health Sex,Journal Article,eng,"The aim of this study was to explore health professionals' descriptions and  interpretations of post-migration mental health and societal challenges among forced migrants with diverse sexual orientations, gender identities and gender expressions. Participants representing seven professions were recruited by a combination of convenience, purposive and snowball sampling. Data were collected through focus groups and individual interviews, analysed with systematic text condensation in a collaborative process involving researchers, clinicians and migrants with lived experiences. Participants described a challenging trajectory for migrants, as migrants venture through an uncertain and demanding journey impacting their mental health. Needing to deal with legal requirements, stressful circumstances and normative expectations during the asylum process were highlighted as major challenges, along with exposure to discrimination, violence, abuse and lack of psychosocial safety. Participants described significant psychological distress among migrants, including loneliness and shame. Challenges were also recognised related to exploring, accepting and expressing sexuality and gender. Loneliness and shame are major challenges in need of further attention in research, which could be addressed through the development and evaluation of actions, programmes and interventions to provide peer support."
36244108,A natural experiment in social security as public health measure: Experiences of  international students as temporary migrant workers during two Covid-19 lockdowns.,2022,Soc Sci Med,"Journal Article; Research Support, Non-U.S. Gov't",eng,"What is the impact of social security on public health? And what mechanisms does  it operate through? To answer these questions, we take advantage of the unique circumstances of temporary migrant workers two Covid-19 lockdowns in Australia - one in which they were provided with social security, and one in which they were not. We undertook 47 qualitative interviews with South Asian international students who had lost their jobs in two lockdowns in 2020-2021. In Australia, international students represent the largest group of a growing temporary migration program, with many working in low-skilled occupations, in conditions below legal minimum standards. We compare our findings to two models of social security: the self-insurance model and state-insurance model. In first lockdown, without social security, participants struggled to comply with public health orders because of the need to work for income, lack of housing suitable for isolation, and lack of medical leave. Participants tended to avoid testing, and to work while potentially contagious. Participants reported high levels of anxiety, depression and emotional distress caused by job loss and exclusion from an implicit social contract with the rest of Australian society. In contrast, during the second lockdown, where temporary migrants were provided social security payments, participants reported avoiding risky work, undertook Covid-19 testing many times, and self-isolated successfully. There was little evidence of emotional distress. Participants felt like a valued part of Australian society. These results suggest a self-insurance model of social security does not protect the physical and psychological health of vulnerable populations and can exacerbate the spread of communicable diseases. In contrast, state-insurance and social welfare payments to marginalised communities, particularly unemployment benefits and medical leave, are crucial public health policy levers for both protecting vulnerable populations and tackling outbreaks of communicable diseases such as Covid-19."
30735852,Insomnia late in pregnancy is associated with perinatal anxiety: A longitudinal  cohort study.,2019,J Affect Disord,"Journal Article; Research Support, Non-U.S. Gov't",eng,"BACKGROUND: Postpartum anxiety (PPA) affects a substantial number of women.  Despite increasing recognition of PPA, few studies have focused on perinatal anxiety and potential PPA triggers. Here we aimed to estimate the prevalence of perinatal anxiety disorders, and to explore the association between insomnia during late pregnancy and anxiety before and after childbirth. METHODS: This study was part of the large population-based Akershus Birth Cohort. We analyzed data from the hospital's birth records and questionnaire responses from pregnancy weeks 17 and 32 and postpartum week 8 (n = 1563). Perinatal anxiety symptoms were measured using the Hopkins Symptom Check List. Anxiety disorder measurements were based on questions from the Mini-International Neuropsychiatric Interview. Insomnia was measured using the Bergen Insomnia Scale. RESULTS: Among perinatal women, 10% reported symptoms of at least one anxiety disorder. The observed prevalence of obsessive-compulsive disorder was higher after delivery (4.2%) than during pregnancy (2.5%). Multiple regression analysis, with adjustment for several psychosocial and reproductive variables, indicated that insomnia during pregnancy was significantly associated with postpartum anxiety symptoms. However, this association was markedly weakened when depression variables were included in the analysis, indicating that gestational insomnia may also be a marker for a mood disorder. LIMITATIONS: Immigrant and single women were underrepresented in our sample. CONCLUSIONS: Our results suggest that anxiety disorders are prevalent during the perinatal period. Moreover, insomnia during pregnancy is associated with perinatal anxiety. Health professionals should be aware that women with gestational insomnia may have an increased risk of mood and anxiety disorders."
39875905,Help-seeking for depression among Vietnamese migrant workers in Japan and factors  related to their intentions to seek help from a psychiatrist: a cross-sectional study.,2025,BMC Public Health,Journal Article,eng,"BACKGROUND: Foreign workers are at risk for depression, and Vietnamese people  tend to be reluctant to seek professional mental health care. Although Vietnamese people are the largest population among foreign workers in Japan, evidence concerning their help-seeking experiences and strategies to promote help-seeking in this population is lacking. This study aimed to identify the percentage of Vietnamese migrant workers in Japan who have sought help from healthcare professionals for depressive symptoms and to explore the factors related to their intentions to seek help from a psychiatrist. METHODS: An online questionnaire was administered to Vietnamese migrants working in Japan from October 5, 2021, to November 1, 2021. Patient Health Questionnaire-9 (PHQ-9) scores were calculated to measure the severity of the respondents' depression. Help-seeking experiences related to depressive symptoms were also investigated. The General Help-Seeking Questionnaire Vignette Version (GHSQ-V) was modified and adapted to measure the respondents' intention to seek help from a psychiatrist for depressive symptoms. To investigate the factors related to help-seeking intention, potential factors were selected from literature reviews and discussions with professionals in the field. Descriptive statistics were calculated, and multiple logistic regression analysis was conducted. RESULTS: A total of 803 eligible data points were collected. Among the 53.5% of participants who scored 10 or more on the PHQ-9, 4.4% had sought help from a healthcare professional in Japan. A lower preference for coping on one's own, greater recognition of the effectiveness of help, greater ability to make work adjustments, and a higher level of Japanese language proficiency were related to greater intentions to seek help from a psychiatrist. CONCLUSIONS: Many Vietnamese migrant workers in Japan are unable to seek help from healthcare professionals for depressive symptoms. It may be beneficial to acknowledge not only linguistic barriers but also other related factors when planning strategies to enhance Vietnamese migrant workers' intentions to seek help from psychiatrists."
22790523,"Acculturative stress, work-related psychosocial factors and depression in  Korean-Chinese migrant workers in Korea.",2012,J Occup Health,"Journal Article; Research Support, Non-U.S. Gov't",eng,"OBJECTIVES: The purposes of this study were to identify the relationships among  acculturative stress, work-related psychosocial factors and depression in Korean-Chinese migrant workers living in Korea and to determine whether work-related psychosocial factors mediate the relationship between acculturative stress and depression. METHODS: A descriptive correlational cross-sectional design was used. A convenience sample of 200 Korean-Chinese full-time migrant workers was recruited, and 170 completed questionnaires were included in the analysis. Acculturative stress was assessed by Sandh and Asrabadi's Acculturative Stress Scale. Work-related psychosocial factors were assessed by job demand, insufficient job control and interpersonal conflict measures from the Korean Occupational Stress Scale. Depression was assessed by the Center for Epidemiologic Studies Depression Scale. Self-administered or face-to-face surveys were conducted by trained data collectors. Multiple regression and path analysis were used. RESULTS: Roughly 30% of the sample met the criteria for depression. Female workers had significantly higher depression scores than male workers. Acculturative stress and work-related psychosocial factors significantly predicted 26.3% of the variance in depression. A path model revealed the mediating effect of job demand on the relationship between acculturative stress and depression. CONCLUSIONS: Our results indicate that work-related psychosocial factors are salient factors that lead to depression among Korean-Chinese migrant workers living in Korea. The results suggest that occupational health-care professionals should promote the prevention and management of depression in this population and highlight the importance of acculturation context in the development of interventions designed to reduce work-related stress."
37498769,Healthy Immigrant Effect or Under-Detection? Examining Undiagnosed and  Unrecognized Late-Life Depression for Racialized Immigrants and Nonimmigrants in Canada.,2024,J Gerontol B Psychol Sci Soc Sci,"Journal Article; Research Support, Non-U.S. Gov't",eng,"OBJECTIVES: Immigrants to Canada tend to have a lower incidence of diagnosed  depression than nonimmigrants. One theory suggests that this ""healthy immigrant effect (HIE)"" is due to positive selection. Another school of thought argues that the medical underuse of immigrants may be the underlying reason. This unclear ""immigrant paradox"" is further confounded by the intersecting race-migration nexus. METHODS: This population-based study analyzed data of participants (n = 28,951, age ≥45) from the Canadian Community Health Survey (2015-2018). Multivariable logistic regression was employed to examine associations between race-migration nexus and mental health outcomes, including depressive symptoms (Patient Health Questionnaire [PHQ-9] score ≥10). RESULTS: Compared to Canadian-born (CB) Whites, immigrants, regardless of race, were less likely to receive a mood/anxiety disorder diagnosis (M/A-Dx) by health providers in their lifetime. Racialized immigrants were mentally disadvantaged with increased odds of undiagnosed depression (Adjusted odds ratio [AOR] = 1.76, 99% Confidence interval [CI]:1.30-2.37), whereas White immigrants were mentally healthier with decreased odds of PHQ depression (AOR=0.75, 99%CI: 0.58, 0.96) and poor self-rated mental health (AOR=0.56, 99% CI=0.33, 0.95). Among the subpopulation without a previous M/A-Dx (N = 25,203), racialized immigrants had increased odds of PHQ depression (AOR = 1.45, 99% CI: 1.15-1.82) and unrecognized depression (AOR = 1.47, 99% CI: 1.08-2.00) than CB Whites. Other risk factors for undiagnosed depression include the lack of regular care providers, emergency room as the usual source of care, and being home renters. DISCUSSION: Despite Canadian universal health coverage, the burden of undiagnosed depression disproportionately affects racialized (but not White) immigrants in mid to late life. Contingent on race-migration nexus, the HIE in mental health may be mainly driven by the healthier profile of White immigrants and partly attributable to the under-detection (by health professionals) and under-recognition of mental health conditions among racialized immigrants. A paradigm shift is needed to estimate late-life depression for medically underserved populations."
31924196,"SALaMA study protocol: a mixed methods study to explore mental health and  psychosocial support for conflict-affected youth in Detroit, Michigan.",2020,BMC Public Health,Journal Article,eng,"BACKGROUND: Families resettling to the U.S. from conflict-affected countries in  the Middle East and North Africa (MENA) face countless challenges. These families must cope with experiences of armed conflict and forced migration while also assimilating to a new society. According to the 'immigrant paradox,' time spent in a new country can compound the effects of migration and assimilation challenges and lead to deteriorated mental health. This study aims to assess the psychosocial wellbeing of MENA-born or first-generation adolescents attending school in the Detroit metropolitan area (DMA) to understand how schools, families, and communities play a role in supporting these adolescents' wellbeing. METHODS: The quantitative component of this mixed methods study will involve a self-administered survey with a sample of students whose responses will be linked to academic records and behavioral assessments. The survey will utilize validated instruments to measure depressive and anxiety symptoms (Hopkins Symptom Checklist-37A), hope (Children's Hope Scale), resilience (Child and Youth Resilience Measure-12), externalizing and prosocial behavior (Hopkins Symptom Checklist-37A, Strengths and Difficulties Questionnaire), school belonging (Psychological Sense of School Membership), and peer relationships (Multidimensional Scale of Perceived Social Support). Differences in outcomes will be analyzed across two strata: students born in the MENA region and first-generation students whose parents immigrated to the US from the MENA region. The qualitative component will involve semi-structured key informant interviews with parents, school administrators, educators, and mental health providers, and focus group discussions (FGDs) with a purposive sample of adolescents born - or whose parents were born - in the MENA region. The FGDs will include a participatory ranking activity where participants will be asked to free-list and rank ideas about how schools can better support students like them. Thematic content analysis will be conducted to identify common themes. DISCUSSION: This study will contribute evidence about the wellbeing of adolescents who come from - or whose parents come from - conflict-affected countries currently living in the U.S. Findings can be used to inform program and policy development to enable schools and their community partners to serve this population more effectively."
23616468,Adaptation and feasibility of a communication intervention for Mexican immigrant  mothers and children in a school setting.,2014,J Sch Nurs,"Journal Article; Research Support, N.I.H., Extramural",eng,"Children of Mexican immigrants are exposed to multiple ecological risks that  heighten their likelihood of experiencing depressive symptoms. In previous studies, affirming parent-child communication has been found to be protective against depressive symptoms in Hispanic youth. Interventions focused on enhancing communication between parents and youth have the possibility of strengthening protective factors for children. The aims of this study were to (1) adapt an evidence-based parent-child communication intervention (Mission Possible) for cultural relevance for low-income, low-literacy Mexican immigrant mothers and their children and (2) assess feasibility of delivering the adapted intervention in a school setting. Adaptation took place in a series of focus groups of mother-child dyads. The revised intervention was delivered to 27 mother-child dyads in two elementary schools. Feasibility was supported by high participant satisfaction, 80% attendance rate, and 75% retention rate. This preliminary work suggests strategies for school nurses to partner with immigrant families and outlines a potential intervention that expands the school nursing role."
26715475,Parental migration patterns and risk of depression and anxiety disorder among  rural children aged 10-18 years in China: a cross-sectional study.,2015,BMJ Open,"Journal Article; Research Support, Non-U.S. Gov't",eng,"OBJECTIVES: This study aims to explore the prevalence of depression and anxiety  in left-behind children, and to identify patterns of parents' migration and relative factors associated with depression and anxiety risk in this population. SETTING: A cross-sectional survey using a school-based sample was conducted in Puyang, Hebei, North China in December 2012. PARTICIPANTS: 2283 students aged 10-18 years. MAIN OUTCOME MEASURES: Parental migration status, depression and anxiety disorder. RESULTS: 61.2% of participants were left-behind children. The prevalence rate of depression among left-behind children with both parents migrating (14.2%) was higher than that of children with one parent migrating (11.7%) and no parent migrating (12.6%). The prevalence rate of anxiety disorder for children with no parent migrating (25.1%) was higher than that for children living with one or neither parent (22.2% and 22.0%). The risk factors for depression were low-level social support (OR=3.46, 95% CI 2.00 to 6.01), average academic performance (OR=2.37, 95% CI 1.7 to 3.3) and low academic performance (OR=3.01, 95% CI 1.92 to 4.72), staying up late (OR=1.67, 95% CI 1.17 to 2.39), having difficulty falling asleep (OR=2.04, 95% CI 1.48 to 2.82) and being an only child (OR=1.73, 95% CI 1.04 to 2.89). The factors associated with anxiety disorder were being female (OR=2.09, 95% CI 1.64 to 2.66), being in high school (OR=1.8, 95% CI 1.38 to 2.36), physical abuse (OR=1.5, 95% CI 1.04 to 2.15), having difficulty falling asleep (OR=1.67, 95% CI 1.33 to 2.10) and low-level social support (OR=2.17, 95% CI 1.44 to 3.28) and middle-level social support (OR=1.82, 95% CI 1.3 to 2.56). CONCLUSIONS: Parents' migration was not associated with depression and anxiety in rural children aged 10-18 years, but academic performance at school, sleep problems and lack of social support were associated with depression and anxiety."
32321507,"'Wait and wait, that is the only thing they can say': a qualitative study  exploring experiences of immigrated Syrian doctors applying for medical license in Germany.",2020,BMC Health Serv Res,Journal Article,eng,"BACKGROUND: Due to the civil war in Syria, many Syrian citizens have had to flee  their country during recent years, among them many physicians. Germany is among the preferred immigration countries. Immigrant Syrian physicians could help overcome the prevailing shortage of medical specialists in Germany. This study explores the experiences and perceptions of Syrian physicians of the licensure process and job application. The study aims at understanding barriers in integrating Syrian doctors into the German health care system. METHODS: We conducted 20 semi standardized interviews with Syrian doctors (n = 17 m; n = 3 f) living in different federal states in Germany. The interviews dealt with the procedure of the accreditation process, its speed and challenges, the interactions with authorities, and the job application process; they were transcribed verbatim. A detailed content analysis was performed. RESULTS: All interviewees described the licensure process as a complex, lengthy, ever-changing and non-transparent procedure, which is perceived as a partly unfair, sometimes arbitrary bureaucracy. They often feel at mercy of Government employees and report experiences with reviewers who ask for absurd and impossible accomplishments, refuse to give information, and act at random. As a consequence, the interviewees describe themselves as depressed, irritated and/or in despair. According to the interviews, informational and practical support from official institutions was scarce. Instead, the Syrian doctors relied on peers or, in some cases, German friends to understand the requirements and seek information about the licensure process. To find a job placement, it was very helpful, if not essential, to have a German acquaintance establishing contact with possible employers. All three interviewed female doctors reported that their wearing a Hijab led to episodes of discrimination in their job search. CONCLUSIONS: The study points towards the necessity to establish an official information source which provides immigrant doctors with accurate and detailed information about the licensure process, e.g. required documents, estimated waiting times, regulation for courses and exams, criteria regarding credentials, sources of help, etc. Additionally, it seems advisable to consider providing help with regard to the job search and sensitize hospital management for cultural and religious diversity to avoid discrimination."
40447427,Clinicians' lived experience of concealing bad news: a qualitative study in  Malaysia and the UK.,2025,BMJ Open,Journal Article,eng,"OBJECTIVE: Clinicians acknowledge that receiving bad news is challenging and  life-altering, while recognising that candid communication is needed for effective patient care. In some cultures, patients' relatives commonly ask doctors to hide bad news, with the intention of reducing psychological distress. Although well-intentioned, concealing information has harmful consequences for the patient, their caregivers and the healthcare team. Our study focuses on clinicians' lived experience of this phenomenon. Previous research has provided some exploration of how practitioners navigate this dilemma. Our study aims to deepen understanding, with two goals: improving cultural competence when facing this dilemma and equipping clinicians to navigate this professional challenge. DESIGN: As this study explored lived experience, we drew on the methodology of phenomenology. To allow deep insight into how clinicians navigate this dilemma, participants took part in focus groups and semistructured interviews. Interviews were audiorecorded, transcribed and analysed using thematic content analysis. The study was strongly influenced by the work of Braun and Clarke, who emphasise the strength in subjectivity in qualitative research. Reporting was guided by the COnsolidated criteria for REporting Qualitative research. SETTINGS: Recognising that this practice varies significantly across cultures, we recruited clinicians who had experienced a cultural challenge: medical students receiving a UK curriculum in Malaysia and the UK and international medical graduates working in the UK. PARTICIPANTS: 26 medical students and 16 international medical graduates participated. RESULTS: For our participants, concealing diagnoses created multiple sources of personal distress. Three major themes emerged: moral discomfort, dilemma and powerlessness. Sympathetic distress at the impact on the patient was stark. However, conflicting personal and professional values created uncertainty. Some of our participants shared the relatives' concern that diagnostic disclosure could potentially harm the patient. Even when our participants wanted to disclose diagnoses, they felt underequipped for communication challenges and faced coercion to conceal information, generating a professional dilemma and a sense of powerlessness. CONCLUSION: The crucial next step is for medical education to acknowledge that requests to conceal diagnoses happen. We need to provide a communication strategy for tackling this phenomenon, which upholds the patient's right to knowledge while maintaining collaboration and trust with the patient's family. Furthermore, this dilemma highlights shortcomings in our current approach to teaching medical ethics. Our findings offer globalised healthcare education an opportunity for self-awareness. Learning from and respecting global variation shines a light on our biases, allowing progress towards curriculum decolonisation."
34417211,Qualitative study on mental health and well-being of Syrian refugees and their  coping mechanisms towards integration in the UK.,2021,BMJ Open,Journal Article,eng,"OBJECTIVE: This study aimed to explore the mental well-being of Syrian refugees  and identify their coping mechanisms and pathways towards integration into new communities. DESIGN: Qualitative study using in-depth semi-structured interviews. SETTING AND PARTICIPANTS: Adult Syrian refugees (>18 years old) currently residing in South East of England. RESULTS: 12 participants (3 women and 9 men) took part in the study, all were born in Syria and the majority (n=9) were over 45 years of age. Our findings show that Syrian refugees face constant challenges as they try to integrate into a new society. Loss of and separation from loved ones as well as the nostalgia for the homeland were often cited as a source of psychological distress that created an overwhelming sense of sadness. Participants reported that they struggled for connectedness due to cultural difference and the problematic nature of rapidly formed migrant communities in their new setting. They believed in 'being their own doctor' and turning to faith, ritual and nature for healing and comfort. Taboo and stigma around mental health and language barriers were cited as barriers to accessing mental healthcare services. CONCLUSION: Past experiences and present challenges frame Syrian refugees' sense of well-being, impact use of healthcare and risk future mental health problems. It is hoped that this study will act as a catalyst for further research on this vulnerable group to promote integration, community support and culturally sensitive mental health services."
17952473,Pain intensity and severe pain in young immigrant patients with long-standing  back pain.,2008,Eur Spine J,"Comparative Study; Journal Article; Research Support, Non-U.S. Gov't",eng,"The aim of this study was to explore if self-rated pain intensity and severe pain  differed significantly between immigrants from different regions, and if other socio-economic, or clinical, characteristics could predict severe pain. A total of 129 men and 217 women at a primary health centre in Stockholm, Sweden, 27-45 years, on long-term sick leave, were recruited in consecutive order and grouped into a Turkish (n = 122), Southern European (n = 52), Middle East (n = 69) and one Mixed (n = 173) group of immigrants. All were employed in service jobs. Somatic status, depression and level of psychosocial stressors, including pain anxiety, were established by standardized procedures. All reported long-standing disabling back pain. Patients rated intensity of pain ""right now"" on a 0-100 mm visual analogue scale (VAS) as a last part of the consultation with two doctors. Severe pain was defined as VAS 75-100. Median values (md) with inter-quartile ranges (IQR) were calculated for interval and ordinal data. Non-parametric statistics were used to calculate significant differences between groups. Crude and age-standardized odds ratios (OR) with 95% confidence intervals (95% CI) as rating severe pain were calculated by binary and forward conditional logistic regression. Men and women were analyzed separately. Women had more tender points, (P < 0.001), and reported pain anxiety more often (P < 0.01). Frequency of depression did not differ between the immigrant groups. The VAS-values varied, but not significantly, between the immigrant groups of men and women. Men had lower VAS values than women (md 50, IQR 36-69 vs. md 72, IQR 51-85), (P < 0.001). Women had a three-fold risk to rate severe pain (OR 2.9, 95% CI 1.8-4.7). By sex, no immigrant group had significantly elevated OR to rate severe pain. Being 40-45 year old doubled the OR as rating severe pain. Men with depression, or little education, had high risks as rating severe pain (age-standardized ORs 4.1; 95% CI 1.7-10.0 and 2.7; 95% CI 1.1-6.8, respectively), and so had depressed women (age-standardized OR 1.9; 95% CI 1.1-3.4). Women with pain anxiety had a doubled, not statistically significant, elevated risk (age-standardized OR 2.0, 95% CI 0.95-4.3). The groups did not differ significantly in pain intensity or severe pain. Severe pain was predicted by depressed mood and probably linked to gender, age and sick roles."
34524941,Adverse Childhood Experiences and Depressive Symptoms among Young Adult Hispanic  Immigrants: Moderating and Mediating Effects of Distinct Facets of Acculturation Stress.,2022,Issues Ment Health Nurs,Journal Article,eng,"Hispanic immigrants experience more adverse childhood experiences (ACEs) and  depressive symptom chronicity/severity than non-Hispanic peers. Acculturation stress relates to both depressive symptoms and ACEs, but the mechanism is not well-understood. We conducted a secondary data analysis of baseline data, from an ongoing longitudinal study to test theoretically-based mediating and moderating effects of acculturation stress on the relationship between ACEs and depression in a sample of young adult Hispanic immigrants (N = 391). Results indicated ACEs predicted depressive symptoms. Mediation and moderation effects were significant for cumulative and distinct facets of acculturation stress. Implications for mental health nurses are discussed."
34488853,"Protocol for a multi-phase, mixed methods study to develop and evaluate  culturally adapted CBT to improve community mental health services for Canadians of south Asian origin.",2021,Trials,Clinical Trial Protocol; Journal Article,eng,"BACKGROUND: Canadians of South Asian (SA) origin comprise the largest racialized  group in Canada, representing 25.6% of what Statistics Canada terms ""visible minority populations"". South Asian Canadians are disproportionately impacted by the social determinants of health, and this can result in high rates of mood and anxiety disorders. These factors can negatively impact mental health and decrease access to care, thereby increasing mental health inequities. Cognitive Behavioural Therapy (CBT) in its current form is not suitable for persons from the non-western cultural backgrounds. Culturally adapted Cognitive Behavioural Therapy (CaCBT) is an evidence-based practice. CaCBT is more effective than standard CBT and can reduce dropouts from therapy compared with standard CBT. Thus, CaCBT can increase access to mental health services and improve outcomes for immigrant, refugee and ethno-cultural and racialized populations. Adapting CBT for growing SA populations in Canada will ensure equitable access to effective and culturally appropriate interventions. METHODS: The primary aim of the study is to develop and evaluate CaCBT for Canadian South Asian persons with depression and anxiety and to gather data from stakeholders to develop guidelines to culturally adapt CBT. This mixed methods study will use three phases: (1) cultural adaptation of CBT, (2) pilot feasibility of CaCBT and (3) implementation and evaluation of CaCBT. Phase 1 will use purposive sampling to recruit individuals from four different groups: (1) SA patients with depression and anxiety, (b) caregivers and family members of individuals affected by anxiety and depression, (c) mental health professionals and (d) SA community opinion leaders. Semi-structured interviews will be conducted virtually and analysis of interviews will be informed by an ethnographic approach. Phase 2 will pilot test the newly developed CaCBT for feasibility, acceptability and effectiveness via quantitative methodology and a randomized controlled trial, including an economic analysis. Phase 3 will recruit therapists to train and evaluate them in the new CaCBT. DISCUSSION: The outcome of this trial will benefit health services in Canada, in terms of helping to reduce the burden of depression and anxiety and provide better care for South Asians. We expect the results to help guide the development of better services and tailor existing services to the needs of other vulnerable groups. TRIAL REGISTRATION: ClinicalTrials.gov NCT04010890. Registered on July 8, 2019."
40898226,Health of black children and youth in canada: a scoping review.,2025,BMC Public Health,Journal Article; Scoping Review,eng,"BACKGROUND: Black children and youth in Canada experience significant health  inequity due to systemic racism, socioeconomic inequities, and inadequate access to culturally responsive healthcare services, affecting their overall well-being. This scoping review mapped and synthesised empirical evidence on the health of Black children and youth in Canada to inform policy and practice. METHODS: The review followed Arksey and O'Malley's scoping review framework and adhered to the Preferred Reporting Items for Systematic Reviews and Meta-Analyses extension for Scoping Reviews (PRISMA-ScR) guidelines. Seven databases (Ovid MEDLINE, EMBASE, APA PsycINFO, Web of Science, Scopus, Academic Search Complete, and SocINDEX) were searched for empirical studies published in peer-reviewed journals. Studies were included if they focused on Black children and youth (0-30 years) residing in Canada and their findings were synthesised thematically. RESULTS: A total of 56 health-related studies were included. The included studies were conducted across all the Canadian provinces and territories between 1993 and 2024, with 87.5% based in a single province and 48.2% published between 2021 and 2024. Quantitative studies accounted for 55.4% of the total. The health conditions identified included sickle cell disease, preterm birth, HIV, pediatric lupus, and mental health disorders such as depression, PTSD, and psychosomatic symptoms (reported in up to 81.7% of participants in one study). Racism was a prominent social determinant contributing to health conditions and barriers to healthcare access. Cultural practices and religiosity protected the Blacks from engaging in risky lifestyles while contributing to the distorted view of some illnesses. CONCLUSION: A high variety of health conditions were identified, with racism being a key determinant of health for Black children and youth in Canada. Culturally responsive, anti-racist health policies, community-led health education, and equitable access to services are critical to improving health outcomes."
25345480,Trajectories of ethnic-racial discrimination among ethnically diverse early  adolescents: associations with psychological and social adjustment.,2014,Child Dev,"Journal Article; Research Support, Non-U.S. Gov't; Research Support, U.S. Gov't, Non-P.H.S.",eng,"Using longitudinal data, the authors assessed 585 Dominican, Chinese, and African  American adolescents (Grades 6-8, M(age) at W1 = 11.83) to determine patterns over time of perceived ethnic-racial discrimination from adults and peers; if these patterns varied by gender, ethnicity, and immigrant status; and whether they are associated with psychological (self-esteem, depressive symptoms) and social (friend and teacher relationship quality, school belonging) adjustment. Two longitudinal patterns for adult discrimination and three longitudinal patterns for peer discrimination were identified using a semiparametric mixture model. These trajectories were distinct with regard to the initial level, shape, and changes in discrimination. Trajectories varied by gender and ethnicity and were significantly linked to psychological and social adjustment. Directions for future research and practice are discussed."
32792036,"Undiagnosed depression, persistent depressive symptoms and seeking mental health  care: analysis of immigrant and non-immigrant participants of the Canadian Longitudinal Study of Aging.",2020,Epidemiol Psychiatr Sci,Journal Article,eng,"AIMS: Early diagnosis and treatment of depression are associated with better  prognosis. We used baseline data of the Canadian Longitudinal Study on Aging (2012-2015; ages 45-85 years) to examine differences in prevalence and predictors of undiagnosed depression (UD) between immigrants and non-immigrants at baseline and persistent and/or emerging depressive symptoms (DS) 18 months later. At this second time point, we also examined if a mental health care professional (MHCP) had been consulted. METHODS: We excluded individuals with any prior mood disorder and/or current anti-depressive medication use at baseline. UD was defined as the Center for Epidemiological Studies Depression 10 score ⩾10. DS at 18 months were defined as Kessler 10 score ⩾19. The associations of interest were examined in multivariate logistic regression models. RESULTS: Our study included 4382 immigrants and 18 620 non-immigrants. The mean age (standard deviation) in immigrants was 63 (10.3) years v. 65 (10.7) years in non-immigrants and 52.1% v. 57.1% were male. Among immigrants, 12.2% had UD at baseline of whom 34.2% had persistent DS 18 months later v. 10.6% and 31.4%, respectively, among non-immigrants. Female immigrants were more likely to have UD than female non-immigrants (odds ratio 1.50, 95% confidence interval 1.25-1.80) but no difference observed for men. The risk of persistent DS and consulting an MHCP at 18 months did not differ between immigrants and non-immigrants. CONCLUSIONS: Female immigrants may particularly benefit from depression screening. Seeking mental health care in the context of DS should be encouraged."
37084966,Gender inequalities in the prevalence of low mood and related factors in schooled  adolescents during the 2019-2020 school year: DESKcohort project.,2023,J Affect Disord,"Journal Article; Research Support, Non-U.S. Gov't",eng,"BACKGROUND: Mood disorders are the second most prevalent mental disorders in  childhood and adolescence. Many undiagnosed people manifest subthreshold symptoms, like low mood, and present worse prognoses than asymptomatic healthy subjects. The aim of this study was to estimate the prevalence of low mood, gender inequalities, and associated factors, in 12- to 18-year-old adolescents in the rural and medium-sized urban areas of Central Catalonia during the 2019-2020 academic year. METHODS: Cross-sectional study with data from a cohort of high-schooled students (2019-2020), with a convenience sample of 6428 adolescents from the Central region of Catalonia (48.3 % boys and 51.7 % girls). Prevalence of low mood was estimated by gender and exposure variables, and ratios were obtained using Poisson regression models, adjusting for several exposure variables one by one, and for all of them jointly. RESULTS: The prevalence of low mood was 18.6 %, with statistically significant differences between genders (11.6 %, 95 % CI: 10.5-12.8 in boys and 25.1 %, 95 % CI: 23.7-26.6 in girls). Being an immigrant, dieting, and daily tobacco smoking were only associated with low mood in girls, whereas risky alcohol consumption was only associated in boys. Sexual violence was found to account for 36.2 % of low mood problems in girls. LIMITATIONS: The main limitation of the study is its cross-sectional design, which means that no casual relationships can be extracted of this study. CONCLUSIONS: The prevalence of low mood varies between the sexes, highlighting the importance of developing gender-specific interventions to reduce its incidence in young people, considering the factors associated with this condition."
37253820,Community-based diabetes prevention randomized controlled trial in refugees with  depression: effects on metabolic outcomes and depression.,2023,Sci Rep,"Journal Article; Randomized Controlled Trial; Research Support, N.I.H., Extramural",eng,"Depression and antidepressant medications increase risk for type 2 diabetes.  Cambodian-Americans have exceedingly high rates of both depression and diabetes. This paper reports outcomes of a diabetes prevention trial for Cambodian-Americans with depression. Primary outcomes were HbA1c, insulin resistance and depressive symptoms. Participants were aged 35-75, Khmer speaking, at risk for diabetes, and met study criteria for likely depression by either (a) antidepressant medication and/or (b) prolonged elevated depressive symptoms. Participants were randomized to one of three community health worker (CHW) interventions: (1) lifestyle intervention called Eat, Walk, Sleep (EWS), (2) EWS plus medication therapy management sessions with a pharmacist/CHW team to resolve drug therapy problems (EWS + MTM), or, (3) social services (SS; control). Assessments were at baseline, post-treatment (12 months), and follow-up (15 months). The n = 188 participants were 78% female, average age of 55 years, half had a household income < $20,000, and modal educational attainment was 7.0 years. Compared to the other arms, EWS + MTM showed a significant decrease in HbA1c and a trend for reduced inflammation and stress hormones. Depressive symptoms improved for EWS and EWS + MTM relative to SS. There was no change in insulin resistance. Cardiometabolic and mental health can be improved in tandem among immigrant and refugee groups."
37249829,Multiple Chronic Conditions and Disability among Vietnamese Older Adults: Results  from the Vietnamese Aging and Care Survey (VACS).,2024,J Racial Ethn Health Disparities,"Journal Article; Research Support, N.I.H., Extramural",eng,"Using data from Vietnamese-origin older immigrants/refugees in the Houston, Texas  area, we assessed their overall health, chronic conditions, disability, depressive symptoms, and cognitive impairment, and examined the association between their chronic conditions and disability by comorbidity clusters. The mean age of the sample was 76 years old. The majority were married in fair/poor health with several chronic conditions and disabilities and lived with families in low-income households. Hypertension and arthritis were the most common health conditions, but cognitive impairment had the most significant impact on their disability. They experienced similar health conditions to other older Americans but had higher rates of depressive symptoms and cognitive impairment possibly due to cultural factors that may have delayed mental health treatment. Culturally and linguistically tailored services created by policymakers, healthcare professionals, and local social service agencies are recommended for the well-being of immigrants/refugees who migrated to the U.S. for a better life."
38409005,"Migrant well-being and undocumented status in South Korea: a cross-sectional  assessment of physical, psychological, social well-being, and health behaviors.",2024,Int J Equity Health,"Journal Article; Research Support, Non-U.S. Gov't",eng,"BACKGROUND: A high burden of physical, mental, and occupational health problems  among migrant workers has been well-documented, but data on undocumented migrant workers are limited and their well-being has rarely been compared to that of the general population. METHODS: Using data from a cross-sectional survey of non-professional migrant workers in South Korea in early 2021, we described their physical, psychological, social well-being and health behaviors across a wide range of outcomes, including self-rated health, occupational injury, cigarette smoking, heavy alcohol consumption, meal pattern, happiness, mental illness, social support, and social participation. The outcomes were first compared between documented and undocumented migrant workers in generalized linear regressions adjusting for potential confounders. Then, the well-being of the migrant workers was compared against that of the general population using data from the Korean Happiness Survey, which is a nationally representative survey of the South Korean general population conducted in late 2020. The parametric g-formula was performed to adjust for potential confounders. RESULTS: After adjusting for potential confounders, the undocumented migrant workers were less likely to be happy or participate in social communities, and much more likely to have anxiety or depression, smoke cigarettes, or engage in heavy alcohol consumption than the documented migrant workers. When compared to the general South Korean population, an evident social gradient emerged for happiness and mental illness; the undocumented experienced the worst outcome, followed by the documented, and then the general population. Also, the undocumented migrant workers were more likely to smoke cigarettes than the general population. CONCLUSION: The undocumented migrant workers face considerably greater challenges in terms of mental health and happiness, demonstrate higher rates of risky health behaviors such as smoking and heavy drinking, and experience a lack of social support and community integration. A stark social gradient in happiness, mental illness, and cigarette smoking exists among the documented, undocumented migrant workers and the general population in South Korea. Socio-structural factors are likely to play a crucial role in contributing to the suboptimal level of overall well-being of undocumented migrant workers. Policy-level interventions as well as interpersonal efforts are in urgent need."
30865684,Socioeconomic determinants affecting the access and utilization of depression  care services in immigrants: A population-based study.,2019,PLoS One,"Journal Article; Research Support, Non-U.S. Gov't",eng,"BACKGROUND: It is imperative to address the health problems faced by immigrants  in their destination countries in light of the current magnitude of migration processes worldwide. We aimed to evaluate the socioeconomic determinants of healthcare utilization in immigrants with depression. METHOD: A population-based cohort comprising all immigrants who were eligible for National Health Insurance coverage (permanent residents, marriage immigrants, and naturalized citizens) using the National Health Insurance Claims Database in 2011-2013 was established. Cases were defined as immigrants with new-onset depression. Controls were new-onset Korean patients with depression matched by age, sex, and Charlson comorbidity index in a 1:2 ratio. Appropriateness of care (AOC) was defined as visiting a clinic for depression management at least 3 times in the first 12 weeks and 4 times thereafter until 12 months post-cohort entry. RESULTS: A total of 2,378 immigrants and 4,756 matched Korean patients were identified. Of the immigrants, 30.0% achieved AOC, in contrast to 38.7% of Koreans (p < .0001). Adjusting for possible covariates, AOC was less likely for immigrants (adjusted OR (aOR), 0.760; 95% CI: 0.670-0.863). Medical Aid (aOR, 2.309; 95% CI, 1.479-3.610), rural residence (aOR, 1.536; 95% CI, 1.054-2.237), the presence of a psychiatric comorbidity (aOR, 1.912; 95% CI, 1.484-2.463), and visiting a psychiatrist (aOR, 2.387; 95% CI, 1.821-3.125) were associated with an increased likelihood of AOC in immigrants. CONCLUSION: Socioeconomic determinants included insurance type (Medical Aid and National Health Insurance), place of residence, psychiatric comorbid status, doctor specialty, easy access to medical services (clinic-based), and a SSRI-based treatment regimen. Those predictors should be taken into account when developing healthcare strategies for immigrants."
25938710,Mexican-origin parents' work conditions and adolescents' adjustment.,2015,J Fam Psychol,"Journal Article; Research Support, N.I.H., Extramural; Research Support, Non-U.S. Gov't",eng,"Mexican-origin parents' work experiences are a distal extrafamilial context for  adolescents' adjustment. This 2-wave multiinformant study examined the prospective mechanisms linking parents' work conditions (i.e., self-direction, work pressure, workplace discrimination) to adolescents' adjustment (i.e., educational expectations, depressive symptoms, risky behavior) across the transition to high school drawing on work socialization and spillover models. We examined the indirect effects of parental work conditions on adolescent adjustment through parents' psychological functioning (i.e., depressive symptoms, role overload) and aspects of the parent-adolescent relationship (i.e., parental solicitation, parent-adolescent conflict), as well as moderation by adolescent gender. Participants were 246 predominantly immigrant, Mexican-origin, 2-parent families who participated in home interviews when adolescents were approximately 13 and 15 years of age. Results supported the positive impact of fathers' occupational self-direction on all 3 aspects of adolescents' adjustment through decreased father-adolescent conflict, after controlling for family socioeconomic status and earner status, and underemployment. Parental work pressure and discrimination were indirectly linked to adolescents' adjustment, with different mechanisms emerging for mothers and fathers. Adolescents' gender moderated the associations between fathers' self-direction and girls' depressive symptoms, and fathers' experiences of discrimination and boys' risk behavior. Results suggest that Mexican-origin mothers' and fathers' perceptions of work conditions have important implications for multiple domains of adolescents' adjustment across the transition to high school."
20478063,Comparison of the consumption of antidepressants in the immigrant and native  populations in a Spanish health region: an observational study.,2010,BMC Public Health,Comparative Study; Journal Article,eng,"BACKGROUND: Health professionals and organizations in developed countries adapt  slowly to the increase of ethnically diverse populations attending health care centres. Several studies report that attention to immigrant mental health comes up with barriers in access, diagnosis and therapeutics, threatening equity. This study analyzes differences in exposure to antidepressant drugs between the immigrant and the native population of a Spanish health region. METHODS: Cross-sectional study of the dispensation of antidepressant drugs to the population aged 15 years or older attending the public primary health centres of a health region, 232,717 autochthonous and 33,361 immigrants, during 2008. Data were obtained from computerized medical records and pharmaceutical records of medications dispensed in pharmacies. Age, sex, country of origin, visits, date of entry in the regional health system, generic drugs and active ingredients were considered. Statistical analysis expressed the percentage of persons exposed to antidepressants stratified by age, gender, and country of origin and prevalence ratios of antidepressant exposition were calculated. RESULTS: Antidepressants were dispensed to 11% of native population and 2.6% of immigrants. Depending on age, native women were prescribed antidepressants between 1.9 and 2.7 times more than immigrant women, and native men 2.5 and 3.1 times more than their immigrant counterparts. Among immigrant females, the highest rate was found in the Latin Americans (6.6%) and the lowest in the sub-Saharans (1.4%). Among males, the highest use was also found in the Latin Americans (1.6%) and the lowest in the sub-Saharans (0.7%). The percentage of immigrants prescribed antidepressants increased significantly in relation to the number of years registered with the local health system. Significant differences were found for the new antidepressants, prescribed 8% more in the native population than in immigrants, both in men and in women. CONCLUSIONS: All the immigrants, regardless of the country of origin, had lower antidepressant consumption than the native population of the same age and sex. Latin American women presented the highest levels of consumption, and the sub-Saharan men the lowest. The prescription profiles also differed, since immigrants consumed more generics and fewer recently commercialized active ingredients."
19636729,Mother-adolescent language proficiency and adolescent academic and emotional  adjustment among Chinese American families.,2009,J Youth Adolesc,"Journal Article; Research Support, N.I.H., Extramural; Research Support, Non-U.S. Gov't",eng,"This study examined the role of adolescents' and mothers' self-reports of English  and heritage language proficiency in youth's academic and emotional adjustment among 444 Chinese American families. Adolescents who were proficient in English tended to exhibit higher reading achievement scores, math achievement scores, and overall GPA. Mothers who were English proficient tended to have children with higher academic achievement and fewer depressive symptoms. Results also indicated that adolescents' heritage language maintenance was associated with positive adjustment, particularly amongst foreign-born youth and for youth whose parents were highly proficient in the heritage language. Mother-adolescent match in heritage language proficiency was related to higher math achievement scores and overall GPA. Additionally, higher heritage language proficiency was associated with fewer depressive symptoms for foreign-born but not U.S.-born youth. Overall, the findings suggest that proficiency in both the English and heritage language may confer advantages to Chinese American youth."
35086535,"Effectiveness of psychosocial school interventions in Finnish schools for refugee  and immigrant children, ""Refugees Well School"" in Finland (RWS-FI): a protocol for a cluster randomized controlled trial.",2022,Trials,Clinical Trial Protocol; Journal Article,eng,"BACKGROUND: Schools are natural environments in which to enhance young people's  social and emotional skills, mental health, and contact between diverse groups, including students from refugee and immigrant backgrounds. A layered or tiered provision of services is recommended as it can be effective to meet the needs of war-affected adolescents who variably show mental health problems (such as posttraumatic stress disorder (PTSD)). The current protocol describes the study design for a multi-layered intervention model. The study will test the effectiveness of two interventions: a teacher-training intervention In-Service Teacher Training (INSETT) combined with targeted cognitive-behavioral treatment-based Teaching Recovery Techniques (TRT) and a classroom-focused preventive intervention Peer Integration and Enhancement Resources (PIER). We analyze, first, whether the interventions are effective in decreasing psychological distress and increasing positive resources, i.e., prosocial behavior and resilience among refugee and immigrant students. Second, we analyze which student-, school-, and parent-related factors mediate the possible beneficial changes. Third, we look at which groups the interventions are most beneficial to. METHODS: A three-arm cluster RCT with parallel assignment, with a 1:1:1 allocation ratio, is applied in 16 schools that agreed to participate in the Refugees Well School interventions and effectiveness study. Schools were randomized to three conditions of two active interventions and a waiting list control condition. Students, their parents, and teachers in intervention and control schools participated in the study at baseline before the interventions, after the interventions, and at 6 to 12 months after the interventions. The primary effectiveness criterion variables are psychological distress (SDQ) symptoms, resilience (CYRM-12), and prosocial behavior (SDQ). DISCUSSION: The current study presents a recommended universal approach of layered interventions aiming to reduce psychological distress and increase resilience among refugee and immigrant students. A combination of promotive, preventive, and targeted interventions may offer a holistic, ecological intervention package for schools to better address the needs of the whole group. TRIAL REGISTRATION: ISRCTN ISRCTN64245549 . Retrospectively registered on 10 June 2020."
37670269,Experiences of peripartum depressive symptoms among Chinese middle-class migrant  women in the Netherlands: a qualitative study of migrant motherhood.,2023,BMC Pregnancy Childbirth,Journal Article,eng,"BACKGROUND: A low educational level and poor economic status have repeatedly been  identified as the main risk factors of peripartum depression among migrant women in existing studies. However, there is limited knowledge about a group of highly educated and middle-class migrant women, and how this group of migrant women deals with those risks and which protective factors facilitate a successful transition into motherhood in the host country. This study aims to shed light on the multifaceted psychosocial challenges during the peripartum period for Chinese migrant women in their relationships with intimate partners, mothers, and mothers-in-law. METHODS: In this qualitative study, semi-structured in-depth interviews were conducted digitally with 46 pregnant and postpartum middle-class Chinese migrant women with peripartum depressive symptoms in the Netherlands. The interview data were analyzed using content analysis. RESULTS: The multifaceted psychosocial challenges for women with peripartum depressive symptoms were classified into three key categories: the ambivalence towards different mothering values, perceived inadequate and mismatching social support and adverse childhood experiences. CONCLUSION: Well-educated middle-class Chinese migrant women with peripartum depressive symptoms faced challenges in the transition into motherhood due to the unmet self-expectations regarding the pursuit of a good quality of life and a happy motherhood. The nurturing intimate relationships and adequate social support in the host country have mitigated recollections of their adverse childhood experiences. Future prevention programs and postpartum care should consider the contextual specificity based on the childhood history. International mental health research should pay more attention to the growing and potentially vulnerable group of well-educated middle-class migrant women."
38183040,"The use of youth healthcare services and its association with health-related  quality of life, physical and mental health and over-the-counter analgesics use in 13-19-year-old adolescents: a cross-sectional study.",2024,BMC Public Health,"Journal Article; Research Support, Non-U.S. Gov't",eng,"BACKGROUND: Youth healthcare services in Norway include a public health nurse  (PHN) at school and local youth health centres (YHCs). They provide health services for all adolescents free of charge, focusing on health promotion and disease prevention. The present study aimed to assess possible associations between health-related quality of life (HRQoL), physical and mental health, over-the-counter analgesics (OTCA) use and use of youth healthcare services among 13-19-year-old adolescents. METHODS: This study was based on national, cross-sectional data from the Ungdata Survey conducted in 2022. The sample was comprised of 16 482 adolescents. Multiple logistic regression was used to analyse the associations between HRQoL, headaches, selected physical symptoms, psychological distress, use of OTCA, PHN availability, sociodemographic variables, and use of the PHN at school or at a YHC. The KIDSCREEN-10 was used to measure HRQoL, and the Hopkins Symptoms Checklist 10 was used to measure symptoms of psychological distress. RESULTS: Girls used the youth healthcare services more frequently than boys. Better HRQoL was significantly associated with fewer visits to the PHN at school. Girls reported lower HRQoL and mental health, and more pain and frequent OTCA use than boys. When having symptoms of psychological distress, boys had greater odds of visiting the PHN at school than girls. For girls in senior high school, headaches and OTCA use were strongly associated with visiting the PHN at school and the YHC. In senior high school, boys with an immigration background had greater odds of visiting the YHC than native Norwegian boys, while girls with an immigration background were less likely to visit the YHC than native Norwegian girls. CONCLUSIONS: Our results show that more girls than boys use youth healthcare services. When adolescents experience pain, have mental problems, use OTCA, or report low levels of HRQoL, they have greater odds of using youth healthcare services. Youth healthcare services offer excellent opportunities to support and follow up with adolescents. The findings provide important insights into youth healthcare services used by adolescents for various stakeholders, including PHNs and policy makers, with potential implications for future public health efforts."
36817932,"""We are the sun for our community:"" Partnering with community health  workers/promotores to adapt, deliver and evaluate a home-based collaborative care model to improve equity in access to quality depression care for older U.S. Latino adults who are underserved.",2023,Front Public Health,"Journal Article; Research Support, Non-U.S. Gov't",eng,"BACKGROUND: While depression is a leading cause of poor health, less than half of  older adults receive adequate care. Inequities in both access and outcomes are even more pronounced for socially disadvantaged older adults. The collaborative care model (CCM) has potential to reduce this burden through community-based organizations (CBOs) who serve these populations. However, CCM has been understudied in diverse cultural and resource-constrained contexts. We evaluated the implementation and effectiveness of PEARLS, a home-based CCM adapted with and for community health workers/promotores (CHWs/Ps). METHODS: We used an instrumental case study design. Our case definition is a community-academic partnership to build CHW/P capacity for evidence-based depression care for older U.S. Latino adults in the Inland Empire region of California (2017-2020). We aimed to understand adaptations to fit local context; acceptability, feasibility, and fidelity; clinical effectiveness; and contextual determinants of implementation success or failure. Data sources included quantitative and qualitative administrative and evaluation data from participants and providers. We used descriptive statistics and paired t-tests to characterize care delivery and evaluate effectiveness post-intervention, and deductive thematic analysis to answer other aims. FINDINGS: This case study included 152 PEARLS participants and nine data sources (N = 67 documents). The CBO including their CHWs/Ps partnered with the external implementation team made adaptations to PEARLS content, context, and implementation strategies to support CHWs/Ps and older adults. PEARLS was acceptable, feasible and delivered with fidelity. Participants showed significant reductions in depression severity at 5 months (98% clinical response rate [mean (SD), 13.7 (3.9) drop in pre/post PHQ-9; p < 0.001] and received support for 2.6 social needs on average. PEARLS delivery was facilitated by its relative advantage, adaptability, and trialability; the team's collective efficacy, buy-in, alignment with organization mission, and ongoing reflection and evaluation during implementation. Delivery was challenged by weak partnerships with clinics for participant referral, engagement, reimbursement, and sustainability post-grant funding. DISCUSSION: This case study used existing data to learn how home-based CCM was adapted by and for CHWs/Ps to reduce health inequities in late-life depression and depression care among older Latino immigrants. The CBOs and CHWs/Ps strong trust and rapport, addressing social and health needs alongside depression care, and regular internal and external coaching and consultation, appeared to drive successful implementation and effectiveness."
36170329,Assessing the psychosocial work environment of migrant and non-migrant workers in  inpatient mental health centres: A feasibility study.,2022,PLoS One,"Journal Article; Research Support, Non-U.S. Gov't",eng,"The number of migrant workers in Germany has increased over the last decades and  will probably further increase in the context of a growing cultural diversity of the population and shortage of skilled professionals. Since migrant workers face different challenges, they may experience poorer psychosocial work environments than non-migrants. A negative psychosocial work environment can increase burnout and depression symptoms. To this date no study has investigated differences in the perceived psychosocial work environment in the mental health field. The aim of this study is to evaluate the feasibility of a cross sectional study comparing the perceived psychosocial work environment of migrants and non-migrant workers in inpatient mental health centres in Germany. The study was conducted in four inpatient mental health centres in Germany using the Copenhagen Psychosocial Questionnaire. All staff members (N = 659) categorized in seven professional groups were invited to participate in the study. The feasibility of the study was determined by four criteria (1) Implementation of the study in inpatient mental health centres (2) Representativity of the sample (3) Reliability and usability of the questionnaire and (4) Variability of collected data. Three of four feasibility criteria were achieved. The study was successfully implemented in four mental health centres, the usability of the used questionnaire was confirmed as well as the variability of the data. The targeted response rate was partially met, and the total number of migrant workers could not be provided, which limits the representativity of the sample. In conclusion, a main study is feasible, but an effort must be put in an effective recruitment strategy to obtain valid results."
41174618,Changes in health after a work-related intervention among highly educated  migrants in Norway: a pilot study.,2025,BMC Public Health,Journal Article,eng,"BACKGROUND: Highly educated individuals migrating to a new host country without  work accreditation face various stressors that impact their health. Among them is the long waiting time for their integration as a resourceful workforce. In this study, we piloted a work-related intervention aimed at improving the health of highly educated migrants. We hypothesize that by including migrants in meaningful working-related activities, their self-rated health (SRH) and other health outcomes will improve. METHODS: This is a non-randomized intervention pilot study examining the changes in participants' health using an explanatory sequential design for evaluation. Baseline data was collected in Bergen for the intervention group and Kristiansand for the control group in 2023, with follow-up data collected after six months. The intervention consisted of working as assistant teachers at various health education programs at university level in Bergen for six months. Both groups answered a questionnaire that included SRH measured by a single validated item and other health measures. We calculated prevalence proportions and ratios, and differences in means using generalized estimating equations with 95% confidence intervals (CI), to estimate the changes in health outcomes adjusting for baseline confounders. Semi-structured interviews were conducted with the intervention group (N = 15) to gain deeper understanding of changes in health or other effects of the intervention. RESULTS: Fifteen participants in the intervention and 62 in the control group completed both questionnaires. We found no changes between the groups in SRH, but significant improvements in general mental health measured with the crude General Health Questionnaire-12 (GHQ-12) -0.07 (-0.11;-0.03) and improved well-being measured with the adjusted World Health Organization-5 Well-Being Index (WHO-5) 0.09 (0.01;0.17) in the intervention group. Qualitative data indicated a positive intervention experience, explained by renewed self-confidence, family pride, improved stress management, empowerment and increased physical activity. CONCLUSION: Our pilot study suggested positive health changes from a work-related intervention in terms of improved general mental health and well-being. Quantitative and qualitative data were complementary. For confirmation of effects, this pilot study should be upscaled with a randomized trial design."
31701867,Prevalence of Depressive Symptoms and Associated Factors among Internal Migrants  with Tuberculosis: A Cross-Sectional Study in China.,2020,Am J Trop Med Hyg,"Journal Article; Research Support, U.S. Gov't, P.H.S.",eng,"There are hundreds of millions of internal migrants in China, and tuberculosis  (TB) is an important health threat to them. However, the mental health problems of internal migrants with TB in China have been ignored. The present study aimed to determine the prevalence of depressive symptoms and its associated risk factors among internal migrants with TB in China. A cross-sectional survey was conducted between June 2018 and March 2019 in Shenzhen, southern China. Data were collected from 1,057 internal migrants with TB using a structured questionnaire. Depressive symptoms were measured using the Center for Epidemiologic Studies Depression Scale. Multinomial logistic regression analysis was used to identify risk factors for depressive symptoms. Of the 1,057 participants included in this study, 53.8% had depressive symptoms. Of these, 38.9% had mild, whereas 14.9% had moderate-to-severe depressive symptoms. Multinomial logistic regression analysis suggested that higher likelihoods of depressive symptoms were associated with female gender, lower education, family dysfunction, poor doctor-patient communication, and TB-related stigma. This study shows that the prevalence of depressive symptoms among internal migrants with TB is high in China. Targeting interventions and treatment of depressive symptoms among internal migrants with TB are needed."
22624779,Postpartum depression in special populations: a review.,2012,Obstet Gynecol Surv,Journal Article; Review,eng,"This review article aims to define and characterize postpartum depression; to  discuss the social, financial, regulatory and legal implications of the disorder; and to elucidate its impact on special groups, namely adolescents, immigrants, fathers, and those of different racial and ethnic groups. A MEDLINE review of the current literature was run on postpartum depression, using the key words postpartum depression, depression, pregnancy, peripartum, or postpartum, from the years 2000 to 2011. Postpartum depressive syndromes place women and their children at risk of suicide and infanticide if not appropriately diagnosed and treated. Screening should occur within 4 to 6 weeks postpartum. Women with a history of depression before or during pregnancy, adolescents, those with low incomes and poor social support, or with a history of substance abuse, are especially at high risk. Treatments include antidepressants and psychotherapy. The unique populations of adolescents, fathers, immigrants, and certain racial and ethnic groups require special consideration in terms of diagnosis, screening modalities, and treatment. Collaboration between obstetrical providers and behavioral health professionals can ensure improved outcomes. It was found that postpartum depression is a challenging diagnosis and may be difficult to treat. A multidisciplinary approach is warranted to prevent life-threatening consequences in mothers and their children. TARGET AUDIENCE: Obstetricians & Gynecologists, Family Physicians LEARNING OBJECTIVES: After participating in this activity, physicians should be better able to diagnose postpartum depression and to analyze the social, financial, regulatory and legal implications of the disorder; and to evaluate its impact on special groups, namely adolescents, immigrants, fathers, and those of different racial and ethnic groups."
36815159,"Mental, neurological and substance use disorders among the Latino migrant  population in the United States who visited the Health Windows and Mobile Health Units in 2021.",2023,Front Public Health,Journal Article,eng,"BACKGROUND: Mental health is defined by the World Health Organization as a state  of wellbeing in which people are aware of their own abilities to cope with the normal stresses of life, work productively and fruitfully, and contribute to their community. Among the minority groups that may be vulnerable to experiencing greater risks for their physical and mental health and full development is the migrant population. The mobile population's migration experience, from their place of origin to destination translates into psychosocial problems and clearly stressful conditions which could be resolved using certain coping strategies. Accordingly, numerous epidemiological studies have found differences in the prevalence of mental health problems between migrants and native-born residents of destination countries, as well as between migrants and their non-migrant co-nationals. PURPOSE: To describe sociodemographic characteristics of the Latino migrant population in the United States who visited the Health Windows (HW) and Mobile Health Units (MHU) in 2021, who may have been at risk for mental, neurological or substance use disorders and agreed to a screening for signs and symptoms of mental health conditions. METHOD: Users of the HW and MHU were offered preventive health services and completed a mental health screening. These variables were registered in SICRESAL. If their results showed signs and symptoms of mental health conditions, they were screened by credentialed professionals from the Psychology Faculty of the National Autonomous University of Mexico. Screened individuals received a diagnosis and specialized care remotely and/or online with the MHU and HW network partners. To analyze sociodemographic variables corresponding to neurological or substance induced mental illness among the Latino migrant population in the United States who visited the Ventanillas de Salud (VDS)/Health Windows (HW), and Unidades Móviles de Salud (UMS)/Mobile Health Units (MHU), during 2021; contingency tables were created showing percentages and chi square with a significant p < 0.05. FINDINGS: During 2021 HW and MHU completed a total of 794 mental health screenings of which 84% were completed at HW. Further, 59% were women with an average age of 43, ranging from 7 to 86 years of age. Twenty percent 20% of the population who voluntarily agreed to screening yielded a positive result for some type of mental health symptom or problem. This percentage (37%) was greater among those who consulted MHU. With respect to age, results showed that youth were at greatest risk for mental health problems. Among the screened population, the independent variables, type of Health Window attended, gender, age group, and place of origin are related to the existence of some type of mental health symptom or problem yielding a significance level of <0.05 for depression and anxiety symptoms. DISCUSSION AND PROSPECTS: In this study, as in others, the migrant population that visited the HW and UMS in 2021 reported a greater risk of mental health problems, with symptoms related to depression and anxiety among the socio-demographic variables of gender, age group, and place of origin. Thus, these symptoms relate to being a female aged between 18 and 38 and originating from Mexico. Finally, the possibility of screening the migrant population for signs and symptoms of mental health conditions that attended the Health Windows or Mobile Health Units during 2021, made it possible to refer them to psychology or psychiatry services and improve the quality of life of those who accessed the services and, consequently, that of their families and communities. LIMITATIONS: The main limitation is associated with the information source since we worked with secondary data and relied on the information provided by those who attended both the HW and the MHU."
23023679,"Obstructive sleep apnea, posttraumatic stress disorder, and health in immigrants.",2012,Psychosom Med,"Journal Article; Research Support, N.I.H., Extramural; Research Support, Non-U.S. Gov't",eng,"OBJECTIVE: To determine whether obstructive sleep apnea mediates the relationship  between posttraumatic stress disorder (PTSD) and psychosomatic and somatic disorders and its implications for self-rated health (SRH) among Iraqi immigrants in the United States. METHODS: A random sample of immigrants who had left Iraq before the 1991 Gulf War (n = 145) or after (n = 205) and are residing in metropolitan Detroit responded to a structured interview covering questions on sociodemographics, premigration trauma, SRH, physician-diagnosed and -treated obstructive sleep apnea, somatic disorders, and psychosomatic disorders. Structural equation modeling was used to evaluate the relationship between premigration trauma scores and health, as well as to explore mediating pathways between PTSD, obstructive sleep apnea, and health. RESULTS: The prevalence of obstructive sleep apnea among post-Gulf Warimmigrants (30.2%) was significantly higher than among pre-Gulf War immigrants (0.7%; p < .001). Premigration trauma scores were positively associated with depression and PTSD. Structural equation modeling supported a model in which obstructive sleep apnea mediated the relationship between PTSD and psychosomatic and somatic disorders. Premigration trauma also related directly to SRH. CONCLUSIONS: Part of the PTSD-associated adverse health effects observed in Iraqi immigrants is mediated by obstructive sleep apnea. Because sleep apnea in the current study is based on medical history and current treatment, there is a need for future confirmatory polysomnographic studies."
34215288,Effect on breastfeeding practices of providing in-home lactation support to  vulnerable women through the Canada Prenatal Nutrition Program: protocol for a pre/post intervention study.,2021,Int Breastfeed J,"Journal Article; Research Support, Non-U.S. Gov't",eng,"BACKGROUND: Only one-third of Canadian infants are exclusively breastfed for the  first 6 months of life as recommended. Skilled lactation support in the early postpartum period is one strategy for improving breastfeeding outcomes by building breastfeeding self-efficacy and resolving difficulties. Access to such support is limited among vulnerable women, including those who are new immigrants, low income, under-educated, young or single. The Canada Prenatal Nutrition Program (CPNP) aims to improve birth and breastfeeding outcomes among vulnerable women, but currently lacks a formal framework for providing postpartum lactation support. METHODS: This pre/post intervention study will examine the effect on breastfeeding outcomes of an evidence-based in-home lactation support intervention provided through the CPNP. We will enrol 210 pregnant women who intend to breastfeed and are registered CPNP clients at two sites in Toronto, Canada. During the intervention phase, postpartum home visits by International Board Certified Lactation Consultants (IBCLCs) will be pro-actively offered to registered clients of the two sites. Double-electric breast pumps will also be provided to those who meet specific criteria. Infant feeding data will be collected prospectively at seven time points from 2 weeks to 6 months postpartum. Descriptive and regression analyses will be conducted to measure intervention effects. The primary outcome is exclusive breastfeeding at 4 months postpartum. Secondary outcomes include the duration of any and exclusive breastfeeding, timing of introduction of breastmilk substitutes and timing of introduction of solid foods. Breastfeeding self-efficacy will be assessed prenatally and at 2 weeks and 2 months postpartum. Other measures include maternal socio-demographics, infant feeding intentions, maternal depression and anxiety, and household food insecurity. Monitoring data will be used to assess the reach, uptake and fidelity of intervention delivery. DISCUSSION: Increasing access to skilled lactation support through the CPNP may be an effective means of improving breastfeeding practices among vulnerable women and thereby enhancing health and development outcomes for their infants. This pre/post intervention study will contribute evidence on both the effectiveness and feasibility of this approach, in order to guide the development and further testing of appropriate models of integrating lactation support into the CPNP. TRIAL REGISTRATION: ClinicalTrials.gov ( NCT03589963 ) registered July 18, 2018."
24118896,"Depression prevalence and primary care among vulnerable patients at a free  outpatient clinic in Paris, France, in 2010: results of a cross-sectional survey.",2013,BMC Fam Pract,Journal Article; Observational Study,eng,"BACKGROUND: Data on the prevalence of depression and on how a depressive episode  prompts the sufferer to seek primary care are not scarce, but the available evidence on the prevalence of depression among immigrants and poor people who frequent general practice facilities is scarce. The Baudelaire Outpatient Clinic at the Saint-Antoine Hospital in Paris provides free medical and social assistance to the poor and/or uninsured. The goal of our study was to estimate the prevalence of depression among these outpatients, to characterize this depressed population, and to analyze its demand for primary care for depressive episodes. METHODS: From September to December 2010, we conducted a cross-sectional, observational survey among users of the Baudelaire Outpatient Clinic. French-speaking patients attending the clinic between September 15 and December 30, 2010 who agreed to answer a questionnaire administered face-to-face before their consultation were included in the study. The chi-squared test (or Fisher's exact test for small samples) was used for the comparisons of proportions. Logistic regression models were estimated, along with the odds ratios (OR) and their 95% confidence intervals (95% CIs), for the multivariate analysis of factors associated with depression and healthcare-seeking. Models were estimated separately for men and women, since sex was an interaction factor. The statistical analyses were performed using Stata v. 10 software (StataCorp LP, College Station, Texas, USA). RESULTS: Of the 250 patients included (mean age: 45 years), 52.0% were men and 52.4% were immigrants. Close to 40% of them reported having no supplemental health insurance. The estimated prevalence of depression in this population was 56.7%. Depression was more prevalent among the women, immigrants, and people from the poorer socioeconomic groups. Only half of these depressed patients, mostly women, reported having discussed their depression with a physician. French nationality and complete health insurance coverage were associated with more-frequent healthcare-seeking. Few patients reported having been asked about their morale by the physician they consulted, and almost 80% would have liked to be asked about this more often. CONCLUSION: Depression is a real public health problem, particularly among people from disadvantaged backgrounds, and should be included in their overall management."
24121307,"Internet-based, culturally sensitive, problem-solving therapy for Turkish  migrants with depression: randomized controlled trial.",2013,J Med Internet Res,"Journal Article; Randomized Controlled Trial; Research Support, Non-U.S. Gov't",eng,"BACKGROUND: Turkish migrants living in the Netherlands have a high prevalence of  depressive disorders, but experience considerable obstacles to accessing professional help. Providing easily accessible Internet treatments may help to overcome these barriers. OBJECTIVE: The aim of this study was to evaluate the effectiveness of a culturally sensitive, guided, self-help, problem-solving intervention through the Internet for reducing depressive symptoms in Turkish migrants. METHODS: A two-armed randomized controlled trial was conducted. The primary outcome measure was the severity of depressive symptoms; secondary outcome measures were somatic symptoms, anxiety, quality of life, and satisfaction with the treatment. Participants were assessed online at baseline, posttest (6 weeks after baseline), and 4 months after baseline. Posttest results were analyzed on the intention-to-treat sample. Missing values were estimated by means of multiple imputation. Differences in clinical outcome between groups were analyzed with a t test. Cohen's d was used to determine the between-groups effect size at posttreatment and follow-up. RESULTS: Turkish adults (N=96) with depressive symptoms were randomized to the experimental group (n=49) or to a waitlist control group (n=47). High attrition rates were found among the 96 participants of which 42% (40/96) did not complete the posttest (6 weeks) and 62% (59/96) participants did not complete the follow-up assessment at 4 months. No significant difference between the experimental group and the control group was found for depression at posttest. Recovery occurred significantly more often in the experimental group (33%, 16/49) than in the control group (9%, 4/47) at posttest (P=.02). Because of the high attrition rate, a completers-only analysis was conducted at follow-up. The experimental group showed significant improvement in depression compared to the control group both at posttest (P=.01) and follow-up (P=.01). CONCLUSIONS: The results of this study did not show a significant effect on the reduction of depressive symptoms. However, the effect size at posttest was high, which might be an indicator of the possible effectiveness of the intervention when assessed in a larger sample and robust trial. Future research should replicate our study with adequately powered samples. TRIAL REGISTRATION: Dutch Trial Register: NTR2303. http://www.trialregister.nl/trialreg/admin/rctview.asp?TC=2303 (Archived by WebCite at http://www.webcitation.org/6IOxNgoDu)."
30586450,"Do good, stay well. Well-being and work satisfaction among German refugee  helpers: A national cross-sectional study.",2018,PLoS One,Journal Article,eng,"BACKGROUND: Since 2015, more than 3 million refugees have reached the European  Union. In order to receive and integrate them, societies heavily rely on relief organizations and private initiatives. Yet the well-being, work-satisfaction and possible health implications for refugee helpers have not been adequately addressed. METHODS: In a German national cross-sectional study, we gathered socio-demographic data on refugee helpers. Work satisfaction was examined by means of Neuberger and Allerbeck's Work Description Inventory. We screened for depression by using the 5-item WHO Well-Being Index (WHO-5), and for post-traumatic stress disorder (PTSD) using the PTSD Short Screening Scale (PTSD-7). 1712 questionnaires were analyzed. RESULTS: Females accounted for 73.4% (1235), the mean age was 52.0 years (SD: 14.4). 61.6% were academics (1042). 87.0% (1454) were voluntary helpers who invested 9.4 hours (SD: 8.9) per week. Refugee helpers were more satisfied with the content than with the conditions or the organization of their work. Their work satisfaction and overall life satisfaction reached higher values than in representative samples. The mean WHO-5 index for refugee helpers was 68.2 points (SD: 19.0). Positive depression screening was found in 17.3% (226). 982 (57.4%) had experienced a traumatic event in their past or witnessed it during their work in refugee aid. 33 (2.8%) of the helpers had a positive PTSD screening. CONCLUSIONS: Refugee helpers deliver invaluable services to migrants and receiving communities. Our data indicates above average well-being as well as work-satisfaction. Psychological traumatization is found frequently but fortunately PTSD is rare. All efforts should be made to uphold helpers' keen spirit and contributions. They should be screened regularly with regards to work satisfaction, well-being and mental health. As part of a comprehensive health promotion strategy they should be instructed about depression, psychological trauma, PTSD and ways to find help."
26843683,"Prevalence of Diabetes and Health-Related Quality of Life Among Rural-to-Urban  Nong Zhuan Fei Migrants in an Urban Area of Northern China, 2013.",2016,Public Health Rep,Journal Article,eng,"OBJECTIVE: In China's Nong Zhuan Fei (NZF) communities, farmers living in rural  villages are uprooted and moved into newly constructed urban apartments when the government purchases their land for residential and commercial development. With their relocation from a traditional rural setting to a modern urban setting, residents of NZF communities face lifestyle-based risk factors for diabetes and other chronic diseases. We reported estimates of diabetes prevalence, risk factors, and health-related quality of life among adult Chinese NZF rural-to-urban migrants. METHODS: We conducted a descriptive cross-sectional study through a U.S.-China partnership with an NZF community of 3,184 residents. Health and disease history, risk factors, and sociodemographic information were collected by questionnaire. Participants completed a 24-hour diet recall, three-day physical activity recall, a health-related quality of life Short-Form 36 (SF-36) health survey, the Beck Depression Inventory, and fasting blood glucose tests. RESULTS: We gathered complete data from 1,150 of 1,772 eligible participants. The prevalence of diabetes was 11.6% (95% confidence interval 9.8, 13.6). Diabetes risk increased significantly with age, income, obesity, and hypertension. Based on SF-36 scores, residents aged ≥60 years with diabetes reported significantly greater physical (47.7 v. 70.2, p=0.001) and emotional (76.9 vs. 89.7, p=0.006) limitations, more bodily pain (79.7 vs. 84.9, p=0.021), and worse overall physical health (67.6 vs. 76.0, p=0.015) than those without diabetes. CONCLUSION: The Chinese government hopes to integrate an additional 250 million people into city living by 2025. As the NZF population increases, so may the prevalence of diabetes associated with the change from a rural to an urban lifestyle. Action is needed now by public health professionals to prevent a possible diabetes crisis in NZF communities in the future."
32955655,'I don't talk about my distress to others; I feel that I have to suffer my  problems...' Voices of Indian women with breast cancer: a qualitative interview study.,2021,Support Care Cancer,Journal Article,eng,"BACKGROUND: Breast cancer is the commonest form of cancer among women globally,  including in India. The rising incidence in the developing world is thought to be due to increased life expectancy, urbanisation, and adoption of western lifestyles. A recent systematic review found that Indian women living in India or as immigrants in Canada experienced a range of psychological distresses both ameliorated and exacerbated by cultural issues personally, within the family, within their community, and in the context of faith, and only two of the five qualitative studies explored the experience of women with breast cancer living in India. Distress may also affect treatment compliance. AIM: The aim of the study was to explore the psychological distresses experienced by Indian women with breast cancer living in Kerala, South India, during and after treatment and to understand better what helped to relieve or increase these distresses. METHODS: In-depth interviews were conducted with 20 consenting women undergoing treatment for breast cancer. Purposive sampling was used to obtain maximum variation in sociodemographic and clinical characteristics. Interviews were verbatim transcribed, translated into English, and back-translated to Malayalam to ensure that the meaning had not been lost. English data were analysed using thematic frame work analysis and synthesised to provide a deeper understanding of the individuals' experience. RESULTS: Three major themes emerged from the data. The first major theme was 'far-reaching psychological distress'. This included anxiety, guilt, anger, and depression in response to the disease and physical side effects of treatment and issues relating to body image, especially hair loss and sexuality. The second major theme was 'getting on with life'. Women tried to make sense of the disease, by actively seeking information, the role of medical professionals, and their practical adaptations. Many found a new future and a new way to live normal. The third major theme was the 'support system' strongly based on family, friends, faith, and the community which affect them positively as well as negatively. CONCLUSION: Psychological concerns related to disease and treatment are common in Indian women with particular emphasis on body image issues associated with hair loss. Family and faith were key support systems for almost all the women, although it could also be the causes of distress."
28086827,Mothers' accounts of the impact on emotional wellbeing of organised peer support  in pregnancy and early parenthood: a qualitative study.,2017,BMC Pregnancy Childbirth,"Journal Article; Research Support, Non-U.S. Gov't",eng,"BACKGROUND: The transition to parenthood is a potentially vulnerable time for  mothers' mental health and approximately 9-21% of women experience depression and/or anxiety at this time. Many more experience sub-clinical symptoms of depression and anxiety, as well as stress, low self-esteem and a loss of confidence. Women's emotional wellbeing is more at risk if they have little social support, a low income, are single parents or have a poor relationship with their partner. Peer support can comprise emotional, affirmational, informational and practical support; evidence of its impact on emotional wellbeing during pregnancy and afterwards is mixed. METHODS: This was a descriptive qualitative study, informed by phenomenological social psychology, exploring women's experiences of the impact of organised peer support on their emotional wellbeing during pregnancy and in early parenthood. Semi-structured qualitative interviews were undertaken with women who had received peer support provided by ten projects in different parts of England, including both projects offering 'mental health' peer support and others offering more broadly-based peer support. The majority of participants were disadvantaged Black and ethnic minority women, including recent migrants. Interviews were audio-recorded and transcripts were analysed using inductive thematic analysis. RESULTS: 47 mothers were interviewed. Two key themes emerged: (1) 'mothers' self-identified emotional needs', containing the subthemes 'emotional distress', 'stressful circumstances', 'lack of social support', and 'unwilling to be open with professionals'; and (2) 'how peer support affects mothers', containing the subthemes 'social connection', 'being heard', 'building confidence', 'empowerment', 'feeling valued', 'reducing stress through practical support' and 'the significance of ""mental health"" peer experiences'. Women described how peer support contributed to reducing their low mood and anxiety by overcoming feelings of isolation, disempowerment and stress, and increasing feelings of self-esteem, self-efficacy and parenting competence. CONCLUSION: One-to-one peer support during pregnancy and after birth can have a number of interrelated positive impacts on the emotional wellbeing of mothers. Peer support is a promising and valued intervention, and may have particular salience for ethnic minority women, those who are recent migrants and women experiencing multiple disadvantages."
24085251,A pilot of an intervention delivered to Chinese- and Spanish-speaking carers of  people with dementia in Australia.,2014,Am J Alzheimers Dis Other Demen,"Journal Article; Research Support, Non-U.S. Gov't",eng,"There are limited language- and culture-specific support programs for carers of  people with dementia living in Australia. A group intervention for use with Chinese and Spanish speakers in the United States was adapted to the Australian context, and a pilot study was undertaken with these 2 communities. The intervention is based on a cognitive behavioral therapy approach and was delivered by bilingual health professionals. The adapted material comprised 7 sessions, spanning 2 hours in duration. All 22 participants completed the Depression Anxiety and Stress Scale-Short form (DASS-21) pre- and postintervention. A significant decrease in depression, anxiety, and stress was observed among Spanish speakers; a significant decrease in depression and anxiety was present among the Chinese speakers. The implications are considered in the context of Australia's changing aged care service system."
39992298,Examining the association of food insecurity with mental health and academic  performance among Latinx immigration-impacted students.,2025,J Am Coll Health,Journal Article,eng,"Background: Immigration impacted students face structural inequities that  increase their risk to food insecurity and restrict their access to resources. Objective: To examine how food insecurity is related to mental health and academic outcomes among Latinx immigration impacted students. Method: This cross-sectional study utilized data with 1861 Latinx immigration impacted students; undocumented (n = 592), U.S. citizens with at least one undocumented parent (n = 634), and U.S. citizen students with lawfully present parents (n = 635). Regression analysis was used to examine the relationship between food insecurity and mental health and academic achievement; and moderation analysis was used to examine differences by self/parental immigration status and access to food pantry on campus resources. Results: Food insecurity was prevalent among immigration impacted students (75-58%). Food insecurity was associated with higher levels of psychological distress, anxiety, and a decline in academic achievement. Self/parental immigration status and use of food pantry resources were not statistically significant moderators in the relationship between food insecurity and mental health outcomes or academic achievement. Conclusion: These findings point to the need for urgent long-term sustainable policy and practice changes to achieve justice for this vulnerable population."
19589472,Disparities in detection and treatment history among mothers with major  depression in Los Angeles.,2009,Womens Health Issues,"Journal Article; Research Support, N.I.H., Extramural",eng,"OBJECTIVE: We sought to determine disparities in detection and treatment  histories among a group of racial and ethnically diverse mothers with major depression. METHOD: Our sample included 276 racially and ethnically diverse mothers who participated in the Los Angeles Family and Neighborhood Survey and who were classified with major depression based on the Comprehensive International Diagnostic Interview-Short Form. We used logistic regression to assess the association between demographic factors and previous detection with major depression, mental health specialty use, and the use of a primary care physician among these women. The demographic factors examined included race and ethnicity, immigration status, marital status, education, income, body mass index (BMI), maternal age, number of children, children's ages, history of emotional problems, and history of diabetes. RESULTS: Results indicated that 69% of mothers had not been previously detected with major depression nor had they sought mental health treatment in the 12 months before the interview. The odds of having been previously diagnosed with major depression were significantly higher among White and single mothers, as well as among mothers with higher BMIs and those with a history of emotional problems. Nonimmigrant mothers without emotional problems had a higher odds of having seen a mental health specialist in the 12 months before the interview compared with immigrant mothers without emotional problems; no differences in mental health treatment were found between nonimmigrant and immigrant mothers with emotional problems. Finally, African-American mothers and those with a history of diabetes had significantly higher odds of seeing a primary care physician compared with Hispanic mothers and those with no history of diabetes, respectively. CONCLUSION: Our analyses of a population of depressed mothers living in Los Angeles highlight the need for identification and treatment of racial minority and immigrant mothers."
36646890,Unintentional Discrimination Against Patients with a Migration Background by  General Practitioners in Mental Health Management: An Experimental Study.,2023,Adm Policy Ment Health,"Journal Article; Research Support, Non-U.S. Gov't",eng,"Populations with a migration background have a higher prevalence of mental health  problems than their native counterparts. They are also more likely to have unmet medical needs and are less frequently referred to mental health services. One potential explanation for this is that physicians, such as general practitioners (GPs), may unintentionally discriminate against migrant patients, particularly when they lack humanization. To date, no experimental study has investigated this hypothesis. This paper assesses the influence of humanization on GPs' discriminatory decisions regarding migrant patients with depression. A balanced 2 × 2 factorial experiment was carried out with Belgian GPs (N = 797) who received video-vignettes depicting either a native patient or a migrant patient with depression. Half of the respondents were exposed to a text that humanized the patient by providing more details about the patient's life story. Decisions related to diagnosis, treatment and referral were collected, as well as the time spent on each video and text, and were analysed using ANOVA. Migrant patients' symptoms were judged to be less severe than those of native patients (F = 7.71, p < 0.05). For almost all treatments, the decision was less favourable for the migrant patient. Humanization had little effect on medical decisions. We observed that GPs spent significantly more time on the vignette with the humanization intervention, especially for the migrant patients. The results indicate that ethnic differences in the management of depression persist in primary care. Humanization, however, does not mitigate those differences in medical decisions."
31322054,"Social Networks and Depressive Symptoms among Chinese Older Immigrants: Does  Quantity, Quality, and Composition of Social Networks Matter?",2021,Clin Gerontol,"Journal Article; Research Support, N.I.H., Extramural; Research Support, Non-U.S. Gov't",eng,"Objectives: This study aims to investigate the relationship between quantity,  quality, and composition of social networks and depressive symptoms among U.S. Chinese older adults. Methods: Data were derived from the Population Study of Chinese Elderly (PINE) (N = 3,157), a study of Chinese older adults aged 60 and above in Chicago. We assessed quantitative (network size and volume of contact), qualitative (emotional closeness), and composition (proportion kin, proportion female and proportion coresident) aspects of social networks. Depressive symptoms were measured by the Patient Health Questionnaire-9. Negative binomial and logistic regressions were conducted. Results: Older adults who had three to five network members with strong ties, a medium level of contact, and a high level of emotional closeness were less likely to experience depression than their counterparts. Quantitative and qualitative dimensions of social networks have stronger protective effects than the composition dimension. Conclusions: U.S. Chinese older immigrants with different levels of social network characteristics have different risks of depression, suggesting targeted subpopulation assessments to facilitate the delivery of more appropriate and effective treatment to those most in need. Clinical Implications: Health-care professionals and social service agencies are suggested to develop intervention programs to promote mental health through increasing strong ties and improving the quality of social networks for U.S. Chinese older immigrants."
31936468,The Prevalence and Socio-Demographic Correlates of Depressive Symptoms in Early  Adolescents in China: Differences in Only Child and Non-Only Child Groups.,2020,Int J Environ Res Public Health,"Journal Article; Research Support, Non-U.S. Gov't",eng,"This study explores the prevalence and socio-demographic correlates of depressive  symptoms in early adolescents in China, as well as the differences between an only child and non-only child group. A total of 2059 seventh-grade Chinese students were invited to complete a questionnaire, which included questions concerning socio-demographic factors, family function, and the Center for Epidemiological Studies Depression Scale (CES-D). The results revealed the following things. (1) thirty-four point seven percent of the participating Chinese early adolescents display symptoms of depression according to Radloff's criteria. Differences are significant across the four dimensions (i.e., positive affect, negative affect, somatic symptoms and retarded activity, and interpersonal difficulties), as well as across total scores between only children and children with sibling(s). (2) Academic achievement, having sibling(s) or not, migration, and family function can significantly predict depressive symptoms. (3) Two significant interactions were found, which were between sibling(s) and gender as well as sibling(s) and family function. Girls from the non-only child group and adolescents from the only child group with poor family function were more likely to have depressive symptoms. These findings suggest that a greater focus should be placed on girls from non-only child families, academic under-performers, migrants, and adolescents from poor family environments, and especially only children, to prevent or reduce the propensity for depressive symptoms."
16934160,Mental health and resiliency following 44 months of terrorism: a survey of an  Israeli national representative sample.,2006,BMC Med,Comparative Study; Journal Article,eng,"BACKGROUND: Israeli citizens have been exposed to intense and ongoing terrorism  since September 2000. We previously studied the mental health impact of terrorism on the Israeli population (Bleich et al., 2002), however the long-term impact of ongoing terrorism has not yet been examined. The present study evaluated the psychological sequelae of 44 months of terrorism in Israel, and sought to identify factors that may contribute to vulnerability and resilience. METHODS: This was a telephone survey using strata sampling of 828 households, which reached a representative sample of 702 adult Israeli residents (84.8% contact rate). In total, 501 people (60.5%) agreed to participate. The methodology was similar to that of our previous study. Exposure to terrorism and other traumatic events, number of traumatic stress-related symptoms (TSRS), percentage of respondents with symptom criteria for post-traumatic stress disorder (PTSD), traumatic stress (TS) resiliency and feelings of depression, anxiety, optimism, sense of safety, and help-seeking were the main outcome measures. RESULTS: In total, 56 participants (11.2%) were directly exposed to a terrorist incident, and 101 (20.2%) had family members or friends exposed. Respondents reported a mean +/- SD of 5.0 +/- 4.5 TSRS; 45 (9%) met symptom criteria for PTSD; and 72 (14.4%) were TS-resilient. There were 147 participants (29.5%) who felt depressed, 50 (10.4%) felt anxious, and almost half (235; 47%) felt life-threatening danger; 48 (9.7%) felt the need for professional help. Women and people of Arab ethnicity had more TSRS, more PTSD, and less TS resiliency. Injury following a life-threatening experience, a major stressful life event, and a major loss of income were associated with PTSD. Immigrant status, lower education, low sense of safety, low sense of social support, high societal distress, and injury following life-threatening experiences were associated with TSRS. TSRS did not increase with exposure severity. This study revealed less depression and functional impairment, similar rates of PTSD, increased help-seeking and poorer TSRS and TS resiliency than our initial study, 2 years previously. DISCUSSION: The response of people in Israel to 4 years of terrorism is heterogeneous. Vulnerability factors change over time; Arab ethnicity, immigrant status and less education, not found to be risk factors in our previous study, were found in the present study to contribute to trauma-related distress. Prior experience of highly stressful events increases vulnerability to adverse psychological effects of terror."
30528471,Health impacts of parental migration on left-behind children and adolescents: a  systematic review and meta-analysis.,2018,Lancet,"Journal Article; Meta-Analysis; Research Support, Non-U.S. Gov't; Systematic Review",eng,"BACKGROUND: Globally, a growing number of children and adolescents are left  behind when parents migrate. We investigated the effect of parental migration on the health of left behind-children and adolescents in low-income and middle-income countries (LMICs). METHODS: For this systematic review and meta-analysis we searched MEDLINE, Embase, CINAHL, the Cochrane Library, Web of Science, PsychINFO, Global Index Medicus, Scopus, and Popline from inception to April 27, 2017, without language restrictions, for observational studies investigating the effects of parental migration on nutrition, mental health, unintentional injuries, infectious disease, substance use, unprotected sex, early pregnancy, and abuse in left-behind children (aged 0-19 years) in LMICs. We excluded studies in which less than 50% of participants were aged 0-19 years, the mean or median age of participants was more than 19 years, fewer than 50% of parents had migrated for more than 6 months, or the mean or median duration of migration was less than 6 months. We screened studies using systematic review software and extracted summary estimates from published reports independently. The main outcomes were risk and prevalence of health outcomes, including nutrition (stunting, wasting, underweight, overweight and obesity, low birthweight, and anaemia), mental health (depressive disorder, anxiety disorder, conduct disorders, self-harm, and suicide), unintentional injuries, substance use, abuse, and infectious disease. We calculated pooled risk ratios (RRs) and standardised mean differences (SMDs) using random-effects models. This study is registered with PROSPERO, number CRD42017064871. FINDINGS: Our search identified 10 284 records, of which 111 studies were included for analysis, including a total of 264 967 children (n=106 167 left-behind children and adolescents; n=158 800 children and adolescents of non-migrant parents). 91 studies were done in China and focused on effects of internal labour migration. Compared with children of non-migrants, left-behind children had increased risk of depression and higher depression scores (RR 1·52 [95% CI 1·27-1·82]; SMD 0·16 [0·10-0·21]), anxiety (RR 1·85 [1·36-2·53]; SMD 0·18 [0·11-0·26]), suicidal ideation (RR 1·70 [1·28-2·26]), conduct disorder (SMD 0·16 [0·04-0·28]), substance use (RR 1·24 [1·00-1·52]), wasting (RR 1·13 [1·02-1·24]) and stunting (RR 1·12 [1·00-1·26]). No differences were identified between left-behind children and children of non-migrants for other nutrition outcomes, unintentional injury, abuse, or diarrhoea. No studies reported outcomes for other infectious diseases, self-harm, unprotected sex, or early pregnancy. Study quality varied across the included studies, with 43% of studies at high or unclear risk of bias across five or more domains. INTERPRETATION: Parental migration is detrimental to the health of left-behind children and adolescents, with no evidence of any benefit. Policy makers and health-care professionals need to take action to improve the health of these young people. FUNDING: Wellcome Trust."
19671834,Downward social mobility and major depressive episodes among Latino and  Asian-American immigrants to the United States.,2009,Am J Epidemiol,"Comparative Study; Journal Article; Research Support, N.I.H., Extramural; Research Support, Non-U.S. Gov't",eng,"The authors analyzed the association between downward social mobility in  subjective social status among 3,056 immigrants to the United States and the odds of a major depressive episode. Using data from the National Latino and Asian American Study (2002-2003), the authors examined downward mobility by comparing immigrants' subjective social status in their country of origin with their subjective social status in the United States. The dependent variable was the occurrence of a past-year episode of major depression defined according to Diagnostic and Statistical Manual of Mental Disorders, Fourth Edition, criteria. Logistic regression models were used to control for a variety of sociodemographic and immigration-related characteristics. Analyses suggested that a loss of at least 3 steps in subjective social status is associated with increased risk of a depressive episode (odds ratio = 3.0, 95% confidence interval: 1.3, 6.6). Other factors independently associated with greater odds of depression included Latino ethnicity, female sex, having resided for a longer time in the United States, and being a US citizen. The findings suggest that immigrants who experience downward social mobility are at elevated risk of major depression. Policies or interventions focused only on immigrants of low social status may miss another group at risk: those who experience downward mobility from a higher social status."
22367667,Pathways to depression care: help-seeking experiences of low-income Latinos with  diabetes and depression.,2012,J Immigr Minor Health,"Journal Article; Research Support, N.I.H., Extramural; Research Support, U.S. Gov't, Non-P.H.S.",eng,"This qualitative study examines help-seeking pathways to depression care of  low-income Latinos with diabetes and major depression. A purposive sample (N = 19) of Spanish-speaking, immigrant, low-income Latinos was selected from a randomized clinical trial targeting Latinos with diabetes and major depression. Four focus groups followed by 10 in-depth qualitative interviews were conducted. Narratives were analyzed using the constant comparative method informed by grounded theory. Need for formal care was described in relation to acute somatic symptoms, functional impairment, and mood changes. Treatment initiation occurred through family members and primary care physicians who encouraged or inhibited help-seeking. Adherence to depression care focused on interpersonal aspects of care, evaluated symptom relief, and improved functioning. Help-seeking barriers included self-reliance, language barriers, stigma, competing health demands, and structural barriers. Findings from this study highlight potential points of intervention for developing culturally-appropriate collaborative care approaches for low-income Latinos with diabetes and major depression."
33917688,A Qualitative Study of the Health Perceptions in the Venezuelan Immigrant  Population in Medellín (Colombia) and Its Conditioning Factors.,2021,Int J Environ Res Public Health,Journal Article,eng,"This study explored the general and oral health perceptions in the Venezuelan  immigrant population in Medellín (Colombia) and its conditioning factors. A qualitative study involving Venezuelan immigrants ≥18 years with a minimum stay of six months in Colombia was conducted. Dentists, dental students, and other health professionals also participated. Semi-structured interviews (n = 17), focus groups (n = 2), and key informants' interviews (n = 4) were utilized. The interviews and focus groups were recorded and transcribed for later narrative content analysis. A high degree of vulnerability of participants was found due to the precarious living conditions from the premigratory moment and the lack of job placement possibilities at the time of settling in Colombia, where the migratory status played a fundamental role. Among the perceived needs, the mitigation of noncommunicable diseases stood out. Poor mental health symptoms (depression and anxiety) were perceived, and oral health was not a priority. Barriers to accessing health and dental care were found. The migrant condition was found to be a determinant that affected physical, mental, and oral health and the provision of health care. This situation is of interest to the construction of public health policies that guarantee access to fundamental rights."
24104206,Primary care professional's perspectives on treatment decision making for  depression with African Americans and Latinos in primary care practice.,2014,J Immigr Minor Health,Journal Article,eng,"Increasing interest has been shown in shared decision making (SDM) to improve  mental health care communication between underserved immigrant minorities and their providers. Nonetheless, very little is known about this process. The following is a qualitative study of fifteen primary care providers at two Federally Qualified Health Centers in New York and their experience during depression treatment decision making. Respondents described a process characterized in between shared and paternalistic models of treatment decision making. Barriers to SDM included discordant models of illness, stigma, varying role expectations and decision readiness. Respondents reported strategies used to overcome barriers including understanding illness perceptions and the role of the community in the treatment process, dispelling stigma using cultural terms, orienting patients to treatment and remaining available regarding the treatment decision. Findings from this study have implications for planning SDM interventions to guide primary care providers through treatment engagement for depression."
35954518,Health Status of Afghan Refugees in Europe: Policy and Practice Implications for  an Optimised Healthcare.,2022,Int J Environ Res Public Health,Journal Article; Review,eng,"Four decades of civil war, violence, and destabilisation have forced millions of  Afghans to flee their homes and to move to other countries worldwide. This increasing phenomenon may challenge physicians unfamiliar with the health status of this population, which may be markedly different from that of the host country. Moreover, several factors during their migration, such as transport in closed containers, accidental injuries, malnutrition, and accommodation in detention centres and refugee camps have a major influence on the health of refugees. By taking into account the variety of the specific diseases among migrant groups, the diversity of the origins of refugees and asylum seekers, and the increasing numbers of Afghan refugees, in this review we focus on the population of Afghans and describe their health status with the aim of optimising our medical approach and management. Our literature review shows that the most prevalent reported infections are tuberculosis and other respiratory tract infections and parasitic diseases, for example leishmaniasis, malaria, and intestinal parasitic infections. Anaemia, hyperlipidaemia, arterial hypertension, diabetes, smoking, overweight, malnutrition, low socioeconomic status, and poor access to healthcare facilities are additional risk factors for non-communicable diseases among Afghan refugees. With regards mental health issues, depression and post-traumatic stress disorder (PTSD) are the most common diagnoses and culture shock and the feeling of being uprooted modulate their persistence. Further research is needed in order to provide us with extensive, high-quality data about the health status of Afghan refugees. The main objective of this review is to identify protective factors which could ensure key health concepts and good clinical practice."
21047442,Guided self-help on the Internet for Turkish migrants with depression: the design  of a randomized controlled trial.,2010,Trials,"Journal Article; Randomized Controlled Trial; Research Support, Non-U.S. Gov't",eng,"BACKGROUND: The Turkish population living in The Netherlands has a high  prevalence of psychological complaints and has a high threshold for seeking professional help for these problems. Seeking help through the Internet can overcome these barriers. This project aims to evaluate the effectiveness of a guided self-help problem-solving intervention for depressed Turkish migrants that is culturally adapted and web-based. METHODS: This study is a randomized controlled trial with two arms: an experimental condition group and a wait list control group. The experimental condition obtains direct access to the guided web-based self-help intervention, which is based on Problem Solving Treatment (PST) and takes 6 weeks to complete. Turkish adults with mild to moderate depressive symptoms will be recruited from the general population and the participants can choose between a Turkish and a Dutch version. The primary outcome measure is the reduction of depressive symptoms, the secondary outcome measures are somatic symptoms, anxiety, acculturation, quality of life and satisfaction. Participants are assessed at baseline, post-test (6 weeks), and 4 months after baseline. Analysis will be conducted on the intention-to-treat sample. DISCUSSION: This study evaluates the effectiveness of a guided problem-solving intervention for Turkish adults living in The Netherlands that is culturally adapted and web-based. TRIAL REGISTRATION: Nederlands Trial Register: NTR2303."
22966927,Distinct trajectories in the transition to adulthood: are children of immigrants  advantaged?,2012,Child Dev,"Journal Article; Research Support, N.I.H., Extramural; Research Support, U.S. Gov't, Non-P.H.S.",eng,"Studies on children of immigrants have generally ignored distinct developmental  trajectories during adolescence and their role in the transition to adulthood. This study identifies distinct trajectories in cognitive, sociobehavioral, and psychological domains and estimates their consequences for young adults. Drawing data from a nationally representative sample of 10,795 adolescents aged 13-17 who were followed up to ages 25-32, the study uses growth mixture modeling to test advantages for children of immigrants. The analysis shows a 1.5-generation advantage in academic achievement and school engagement, as well as a weaker second-generation advantage in academic achievement, but no disadvantage in depression for children of immigrants. In addition, these results hold for children of Hispanic origin. Theoretical and policy implications are discussed."
34215669,'You withhold what you are feeling so you can have a family': Latinas'  perceptions on community values and postpartum depression.,2021,Fam Med Community Health,"Journal Article; Research Support, Non-U.S. Gov't",eng,"OBJECTIVE: The purpose of this study was to explore the postpartum depression  (PPD) beliefs and experiences of mothers who access local community faith-based organisations providing family services to low-income, predominantly immigrant Latino populations. DESIGN: Using a qualitative research design, we conducted 18 focus groups with Latina mothers to inquire about their community values and beliefs of PPD. All groups were conducted in Spanish. SETTING: An academic research team located in Houston, Texas, USA, partnered with six faith-based organisations in five cities to recruit and host focus groups at the site of the organisation. PARTICIPANTS: One hundred and thirty-three women participated in the focus groups across all sites. Thirty-seven of them (27.8%) had given birth to a child in less than 1 year. Inclusion criteria included mothers 18 years and older and Latino ethnicity. RESULTS: A six-step process was used to apply thematic analysis to sort data into the themes. All mothers had heard of depression after childbirth, some had experienced it and most remarked that the personal experience and community acceptance of it vary by family. The main findings suggest that mothers take pride in parenting by instilling values to support family and the value of relying on family for emotional support. Findings reveal that many mothers suffer and sacrifice for their children, they feel judged and feel they must hide their emotions. Factors such as birth and postpartum customs from a native country, gender roles and beliefs of what a good mother shape their beliefs and messages about PPD. CONCLUSION: Our findings indicate that programme developers should consider family and community focused education and intervention efforts to help decrease stigma and increase understanding of PPD."
37162712,"Inter-Generational Differences in Perinatal Health Behaviours: A Secondary  Analysis of the Born in Bradford Cohort, Disentangling Ethnicity and Migration.",2023,Matern Child Health J,Journal Article,eng,"OBJECTIVES: There exists a body of research regarding ethnic differences in  perinatal health whereas this is not the case concerning the role of migration status and acculturation in attenuating these differences. This study aims to investigate determinants of health during pregnancy up to one-year postpartum by migration status. METHODS: The study utilises data collected by the Born in Bradford cohort. The focus of analysis was migration status groupings, based on self-reported country of birth of participants and their parents and grandparents. Chi-Square, one-way ANOVA and correlation coefficients examined relationships between variables. RESULTS: Migrant women were less likely to smoke (native: 34.4%, 1st generation: 2.8%, 2nd generation: 8.6%) or to be obese (native: 25.5%, 1st generation: 17.4%, 2nd generation: 21.3%) compared to native women. Migrants were less physically active at 6 months (Mean (SD) minutes/week: native 265 (245), 1st generation 113 (162), 2nd generation 147 (182)) with larger increases in BMI over time compared to native women. Migrant women were more likely to be suffering psychological distress at baseline and 6 months postpartum and migrant families were more likely to live in areas of high socio-economic deprivation, despite higher levels of educational attainment. CONCLUSIONS FOR PRACTICE: This study ethnicity and migration identifies some important differences between ethnic groups with different migration histories, therefore indicating that healthcare professionals should consider eliciting full migration histories to improve care. The impact of these differences on perinatal outcomes is a priority for future research."
37254085,Health-related quality of life of migrant workers: a systematic literature  review.,2023,BMC Public Health,"Journal Article; Research Support, Non-U.S. Gov't; Systematic Review",eng,"BACKGROUND: Currently, the number of migrant workers residing in Korea is  continuously increasing, which is exacerbating the workforce shortage in its society. Migrant workers experience health problems or stress due to rapid environmental changes, consequently impairing their quality of life (QoL). Accordingly, this literature review aimed to prepare basic data by identifying factors related to the health-related quality of life (HRQoL) of migrant workers in Korea. METHOD: In total, the literature search used seven databases to find all documents corresponding to related subject words until June 7, 2022, including PubMed, Cumulative Index to Nursing and Allied Health Literature, Embase, Regional Information Sharing Systems, Korean Medical database, Science ON, and DataBase Periodical Information Academic. Furthermore, this study used the Cochrane Library and Google Scholar to manually search, to include comprehensive literature. Moreover, both English and Korean were used to search for the main terms. RESULTS: In total, nine articles were selected. The World Health Organization Quality of Life Brief Version tool was used in six studies to measure HRQoL. Factors affecting the HRQoL of domestic migrant workers included general characteristics such as monthly income and residence period, physical and psychological health-related characteristics such as health promotion behaviour, medical service satisfaction, and depression, and social factors such as social support and cultural adaptation stress. Social support was an important variable affecting the QoL. Particularly, increased social support improved health-related QoL. In addition, higher medical service satisfaction and lower cultural adaptation stress increased HRQoL. CONCLUSIONS: Social factors such as social support and cultural adaptation stress affect the HRQoL of migrant workers. Therefore, the social integration program should be expanded to ensure that migrant workers can adapt to the domestic culture at an early stage. In addition, people require active support to improve the QoL in Korea through activities such as self-help groups to help them cope with stressful situations and experience positive emotions. Moreover, it is necessary to provide information on domestic medical services as well as support for medical information for self-health management to improve the quality of medical services for migrant workers."
27577586,How do people of South Asian origin understand and experience depression? A  protocol for a systematic review of qualitative literature.,2016,BMJ Open,Journal Article,eng,"INTRODUCTION: Individuals from Black and Asian Minority Ethnic (BAME) groups are  less likely to receive a diagnosis and to engage with treatment for depression. This review aims to draw on international literature to summarise what is known about how people specifically of South Asian origin, migrants and non-migrants, understand and experience depressive symptoms. The resulting evidence base will further inform practices aimed at encouraging help-seeking behaviour and treatment uptake. METHODS AND ANALYSIS: A systematic review and thematic synthesis of qualitative literature conducted according to the Preferred Reporting Items for Systematic reviews and Meta-Analyses (PRISMA) guidelines. Using predefined inclusion and exclusion criteria, electronic searches will be conducted across 16 databases. Study quality will be assessed using the Critical Appraisal Skills Programme (CASP). Data will be extracted independently by 2 reviewers. ETHICS AND DISSEMINATION: Ethical approval is not required. A comprehensive evidence base of how people from South Asian backgrounds conceptualise and experience depression will better inform the design and delivery of mental health initiatives and advance directions for future research. Findings will be published in a peer-reviewed journal, and disseminated through existing networks for professionals, researchers, patients and the public. TRIAL REGISTRATION NUMBER: CRD42015026120."
29030790,"Acculturation Gap Distress among Latino Youth: Prospective Links to Family  Processes and Youth Depressive Symptoms, Alcohol Use, and Academic Performance.",2018,J Youth Adolesc,"Journal Article; Research Support, Non-U.S. Gov't",eng,"Latino youth have higher rates of educational and mental health difficulties  compared to peers from other racial/ethnic groups. To understand the factors related to such maladjustment, a mediational model linking youth report of parent-youth acculturation gaps to prospective changes (from spring to fall semester) in youth report of academic performance, depressive symptoms and alcohol use via youth report of parent-youth conflict and family cohesion, was studied in a sample of 248 U.S.-and foreign-born Latino youth (Mage = 15.21 years; 50% female; 67% U.S.-born). Parent-youth acculturation gaps were associated with changes in youth academic performance across two semesters via their negative impact on family functioning. For U.S.-born youth, parent-youth acculturation gaps were also linked to changes in alcohol use via parent-adolescent conflict. Results provide some support for the acculturative gap hypotheses while unique findings across nativity groups suggest that such individual-level characteristics may serve as important sources of variation for Latino youth."
29804463,'Happy that someone cared'-Non-native-speaking immigrant mothers' experiences of  participating in screening for postpartum depression in the Swedish child health services.,2019,J Child Health Care,"Journal Article; Research Support, Non-U.S. Gov't",eng,"Immigrant mothers who have immigrated during the last ten years and do not speak  the language of the new country are found to be at particular risk of being affected by postpartum depression (PPD). Still they choose to participate to a lesser extent in screening for PPD and are not screened out as frequently as can be expected. In this study, non-native-speaking immigrant mothers' experiences of participating in screening for PPD in the Swedish Child Health Services were elucidated. Thirteen qualitative interviews were performed with the help of an interpreter and analysed using latent content analysis. The possibility to participate in screening was appreciated by the mothers even though the concept of PPD in general was unclear. Cultural beliefs about mental ill health, negative expectations connected to their perceived value as a woman, shame at not being grateful enough for their new life and negative experience of the interaction during the screening challenged them in speaking about their mood. To facilitate the screening procedure for this vulnerable group of mothers, it is important to be aware of possible challenges when speaking about their mood and to strive for a trusting clinical interview with the assistance of a female interpreter on-site."
41946888,The prevalence of mental health disorders and stress coping strategies among  forced migrants from Ukraine and Russia.,2026,Sci Rep,Journal Article,eng,"In research on the mental health of migrants and refugees, the framework of  pre-migration and post-migration stressors is frequently applied. The present study sought to determine which of these stressors contribute to mental health disorders among forced migrants from Ukraine and Russia. In addition, the analyses aimed to compare the prevalence of mental health disorders between these two groups and to evaluate the effectiveness of coping strategies employed. The study also aimed to broaden the understanding of the predictors of mental health outcomes among different groups of forced migrants. A cross-sectional survey was conducted using the Computer-Assisted Web Interview (CAWI) technique. Participants were recruited through purposive sampling, with invitations disseminated via social media platforms (Telegram, Facebook) targeting Ukrainians residing in Russia. The sample comprised N = 200 Ukrainian and N = 164 Russian respondents. Data collection took place in the first quarter of 2025, which corresponds to the third year of Russia’s war against Ukraine. Depression, anxiety, and stress were assessed using the PHQ-9, GAD-7, and PSS-10 scales, respectively. Multivariate linear regression analyses were performed to identify predictors of mental health outcomes. Ukrainian migrants exhibited significantly higher rates of anxiety, depression, and stress (45%, 56%, 20.76 ± 5.9) compared with Russian migrants (37%, 39%, 18.79 ± 2.92). Notable differences in coping strategies were also observed: Ukrainian female migrants more frequently employed emotion-focused and resignation strategies, whereas Russian migrants tended to use problem-focused strategies. Among Ukrainians, significant predictors of poorer mental health included negative attitudes from the host population, relocation during the stay, higher educational attainment, and the use of emotion-focused or avoidance coping strategies. For Russian migrants, poorer mental health was associated with lower self-rated quality of life, underemployment, negative attitudes from the host population, and emotion-focused or avoidance coping strategies. In the context of prolonged residence in a host country, post-migration stressors and dysfunctional coping strategies appear to be the primary risk factors for mental health disorders among forced migrants. Given the cross-sectional design, the findings should be interpreted as associative rather than causal."
25951898,"Why underserved patients do not consult their general practitioner for  depression: results of a qualitative and a quantitative survey at a free outpatient clinic in Paris, France.",2015,BMC Fam Pract,Journal Article; Observational Study,eng,"BACKGROUND: The prevalence of depression in the general population is 5 to 10%  but can exceed 50% in the most socially vulnerable populations. The perceptions of this disease are widely described in the literature, but no research has been carried out in France to explain the reasons for not consulting a general practitioner during a depressive episode, particularly in people in the most precarious situations. The objective of this study was to describe the reasons for not seeking primary care during a depressive episode in a socially vulnerable population. METHODS: An exploratory sequential design with a preliminary qualitative study using a phenomenological approach. Subsequently, themes that emerged from the qualitative analysis were used in a questionnaire administered in a cross-sectional observational study at a free outpatient clinic in Paris in 2010. Lastly, a logistic regression analysis was performed. RESULTS: The qualitative analysis revealed four aspects that explain the non-consulting of a general practitioner during a depressive episode: the negative perception of treatment, the negative perception of the disease, the importance of the social environment, and the doctor-patient relationship. The quantitative analysis showed that close to 60% of the patients who visited the free clinic were depressed and that only half of them had talked with a care provider. The results of the statistical analysis are in line with those of the qualitative analysis, since the most common reasons for not seeing a general practitioner were the negative perception of the disease (especially among the men and foreigners) and its treatments (more often among the men and French nationals). CONCLUSIONS: Close to 50% of the depressed individuals did not seek primary care during a depressive episode, and close to 80% of them would have liked their mental health to be discussed more often by a health professional. Better information on depression and its treatments, and more-systematic screening by primary care personnel would improve the treatment of depressed patients, especially those in the most precarious situations."
31581973,"Pain drawings, interpreter support and clinical findings among immigrant patients  on sick leave in Swedish primary health care.",2019,Prim Health Care Res Dev,"Journal Article; Research Support, Non-U.S. Gov't",eng,"AIM: To evaluate the spread of pain and its correlates among immigrant patients  on sick leave. BACKGROUND: Backache, outspread pain and sick-leave questions are problematic to handle primary health care, especially in multicultural settings. METHODS: Two hundred and thirty-five patients 20-45 years on paid sick leave (59% women, 93% foreign-born, mostly non-Europeans). Many had little formal education. One-third had professional interpreter support. The patients pointed out on their bodies where they felt pain. This information was transferred on a pain drawing [pain drawing fields (PDFs) 0-18] by a doctor. Major depression and psychosocial stressors were assessed using Diagnostic and Statistical Manual of Mental Disorders. Nociceptive locations for pain were established (pain-sites 0-18). Dependent variable was the number of PDFs. Independent variables were social data, sick leave, interpreter, depression, stress levels and number of pain sites. Calculations were done using descriptive methods and multi-variable linear regression in full models, by gender. FINDINGS: Many patients had depression (51% women versus 32% men). A majority were exposed to psychosocial stressors. Women had more PDFs, in median 5 [inter-quartile ranges (IQR) 4-8] versus men 3 (IQR 2-5), and also more pain sites, in median 3 (IQR 2-5) versus men in median 2 (IQR 1-3). For men, the regression calculations revealed that numbers of PDFs associated only with increasing numbers of pain sites (B 0.871 P < 0.001). For women, this association was weaker (B 0.364, P < 0.001), with significant values also for age (B 0.103) and sick leave > one year (B 0.767, P = 0.010), and a negative predicting value for interpreter support (B -1.198, P < 0.043). To conclude, PDFs associated often with somatic findings but varied much among the women. This implies potential problems regarding cause, function and sick leave questions. However, support by professional interpreters may facilitate a shared understanding with immigrant women having long-standing pain."
26719895,Depression among Migrant and Left-Behind Children in China in Relation to the  Quality of Parent-Child and Teacher-Child Relationships.,2015,PLoS One,"Journal Article; Research Support, Non-U.S. Gov't",eng,"The objective of this study was to examine rates of depression among migrant  children (MC) and left-behind children (LBC) as compared to non-left-behind children (NLBC) and also to examine the relationship between depression among these children and the quality of their parent-child and teacher-child relationships. This study collected data from a large sample of 3,759 children aged from 8 to 17 years, including 824 who had been left behind by one parent (LBCO), 423 who had been left behind by both parents (LBCB), 568 MC and 1944 NLBC. Children's Depression Inventory-Short Form was used to measure child depression. Parent-Child Relationship Scale (PCRS) and Teacher-Child Relationship Scale (TCRS) were used to measure the quality of parent-child and teacher-child relationships, respectively. The results showed that the prevalence of depression was 10.5% among NLBC, 13.1% among LBCO, 16.1% among LBCB, and 20.1% among MC. Depression was related to parent-child relationship quality and teacher-child relationship quality. Negative parent-child relationship was more relevant to depression than negative teacher-child relationship among LBCB, while negative teacher-child relationship was the most correlated with depression among MC."
25884326,"The association between mental health symptoms and mobility limitation among  Russian, Somali and Kurdish migrants: a population based study.",2015,BMC Public Health,"Journal Article; Research Support, Non-U.S. Gov't",eng,"BACKGROUND: Research has demonstrated a bidirectional relationship between  physical function and depression, but studies on their association in migrant populations are scarce. We examined the association between mental health symptoms and mobility limitation in Russian, Somali and Kurdish migrants in Finland. METHODS: We used data from the Finnish Migrant Health and Wellbeing Study (Maamu). The participants comprised 1357 persons of Russian, Somali or Kurdish origin aged 18-64 years. Mobility limitation included self-reported difficulties in walking 500 m or stair climbing. Depressive and anxiety symptoms were measured using the Hopkins Symptom Checklist-25 (HSCL-25) and symptoms of somatization using the somatization subscale of the Symptom Checklist-90 Revised (SCL-90-R). A comparison group of the general Finnish population was selected from the Health 2011 study. RESULTS: Anxiety symptoms were positively associated with mobility limitation in women (Russians odds ratio [OR] 2.98; 95% confidence interval [CI] 1.28-6.94, Somalis OR 6.41; 95% CI 2.02-20.29 and Kurds OR 2.67; 95% CI 1.41-5.04), after adjustment for socio-demographic factors, obesity and chronic diseases. Also somatization increased the odds for mobility limitation in women (Russians OR 4.29; 95% CI 1.76-10.44, Somalis OR 18.83; 95% CI 6.15-57.61 and Kurds OR 3.53; 95% CI 1.91-6.52). Depressive symptoms were associated with mobility limitation in Russian and Kurdish women (Russians OR 3.03; 95% CI 1.27-7.19 and Kurds OR 2.64; 95% CI 1.39-4.99). Anxiety symptoms and somatization were associated with mobility limitation in Kurdish men when adjusted for socio-demographic factors, but not after adjusting for obesity and chronic diseases. Finnish women had similar associations as the migrant women, but Finnish men and Kurdish men showed varying associations. CONCLUSIONS: Mental health symptoms are significantly associated with mobility limitation both in the studied migrant populations and in the general Finnish population. The joint nature of mental health symptoms and mobility limitation should be recognized by health professionals, also when working with migrants. This association should be addressed when developing health services and health promotion."
18834521,"Urban women's socioeconomic status, health service needs and utilization in the  four weeks after postpartum hospital discharge: findings of a Canadian cross-sectional survey.",2008,BMC Health Serv Res,Journal Article,eng,"BACKGROUND: Postpartum women who experience socioeconomic disadvantage are at  higher risk for poor health outcomes than more advantaged postpartum women, and may benefit from access to community based postpartum health services. This study examined socioeconomically disadvantaged (SED) postpartum women's health, and health service needs and utilization patterns in the first four weeks post hospital discharge, and compared them to more socioeconomically advantaged (SEA) postpartum women's health, health service needs and utilization patterns. METHODS: Data collected as part of a large Ontario cross-sectional mother-infant survey were analyzed. Women (N = 1000) who had uncomplicated vaginal births of single 'at-term' infants at four hospitals in two large southern Ontario, Canada cities were stratified into SED and SEA groups based on income, social support and a universally administered hospital postpartum risk screen. Participants completed a self-administered questionnaire before hospital discharge and a telephone interview four weeks after discharge. Main outcome measures were self-reported health status, symptoms of postpartum depression, postpartum service needs and health service use. RESULTS: When compared to the SEA women, the SED women were more likely to be discharged from hospital within the first 24 hours after giving birth [OR 1.49, 95% CI (1.01-2.18)], less likely to report very good or excellent health [OR 0.48, 95% CI (0.35-0.67)], and had higher rates of symptoms of postpartum depression [OR 2.7, 95% CI(1.64-4.4)]. No differences were found between groups in relation to self reported need for and ability to access services for physical and mental health needs, or in use of physicians, walk-in clinics and emergency departments. The SED group were more likely to accept public health nurse home visits [OR 2.24, 95% CI(1.47-3.40)]. CONCLUSION: Although SED women experienced poorer mental and overall health they reported similar health service needs and utilization patterns to more SEA women. The results can assist policy makers, health service planners and providers to develop and implement necessary and accessible services. Further research is needed to evaluate SED postpartum women's health service needs and barriers to service use."
39474728,Help-seeking intentions and depression treatment beliefs amongst Sri Lankan  Australians: A survey following a mental health literacy framework.,2025,Transcult Psychiatry,Journal Article,eng,"There is evidence that Asian migrants in Australia may be relatively reluctant to  seek professional help for depression. Reluctance may be related to poor mental health literacy, including limited knowledge of help-seeking options and treatments, and a preference to seek help from informal networks. This study investigated Sri Lankan Australians' knowledge about managing depression by examining their hypothetical help-seeking intentions and perceptions about interventions and help-providers' helpfulness. Following Jorm's mental health literacy framework, participants (N = 374) were presented with a vignette of a Sri Lankan Australian exhibiting symptomatology consistent with Major Depressive Disorder, and asked to indicate their intentions to seek help by responding to the question: ""If you had Mr Silva's problem, what would you do?"". Participants also rated the likely helpfulness of various professional and informal helpers and interventions in addressing a problem akin to Mr Silva's. Participants reported being likely to seek help from GPs (35.8%), psychologists (25.7%) and friends (24.3%). Additionally, those who intended to seek informal help were significantly less likely to seek professional help, and vice versa. Furthermore, psychologists (94.1%), counsellors (93.3%), close friends (92.5%) and compatriots (91.4%) were most frequently categorised as helpful. Given participants' high endorsement of psychiatric treatment, psychological treatment, and self-help strategies such as engaging in enjoyable activities, it would be helpful for clinicians to emphasise the benefits of these interventions for managing depression. Additionally, recognising some participants' inclination towards religious practices and helpers, clinicians can consider integrating these help-seeking behaviours into therapeutic approaches. Future research is warranted to examine the predictors of help-seeking intentions."
39812455,Supporting Transition Resilience Among Newcomer Groups (STRONG): Examining  effectiveness and acceptability in urban public schools.,2025,Am J Community Psychol,"Journal Article; Randomized Controlled Trial; Research Support, N.I.H., Intramural; Research Support, Non-U.S. Gov't",eng,"The Supporting Transition Resilience Of Newcomer Groups (STRONG; Hoover et al.,  2019) program was developed to support mental health among newcomer refugee and immigrant students by (1) promoting positive adjustment during resettlement through a trauma-informed, strengths-based approach, contextualized to meet the needs of refugee and immigrant youth; and (2) improving access to services through school-based programming. The purpose of this study was to examine the acceptability and effectiveness of STRONG on the mental health and resilience of refugee and immigrant students using a group randomized waitlist control design. A sample of 64 newcomer students (M(age) = 13.9, SD = 3.11; 41% female) was recruited to participate in the STRONG program, representing 19 different countries of origin and diverse ethnicities (44% Latiné; 34% Asian; 13% Middle Eastern/North African; 8% African/Black). Additionally, teachers or administrators from each participating STRONG school completed interviews, while group facilitators (e.g., clinicians and bilingual teachers) were invited to participate in focus groups. This study provides preliminary evidence that STRONG supports newcomer mental health, with students in the immediate treatment group showing reductions in anxiety/depression and externalizing symptoms compared to the waitlist. Qualitative findings provide additional support for the acceptability and benefits of this intervention. However, coping efficacy unexpectedly decreased, and several interactions with school type (e.g., high school vs. elementary) emerged. Additional research is warranted to further evaluate this promising intervention for newcomer youth."
31376271,Using Participatory Design Methodologies to Co-Design and Culturally Adapt the  Spanish Version of the Mental Health eClinic: Qualitative Study.,2019,J Med Internet Res,"Journal Article; Research Support, Non-U.S. Gov't",eng,"BACKGROUND: The Mental Health eClinic (MHeC) aims to deliver best-practice  clinical services to young people experiencing mental health problems by making clinical care accessible, affordable, and available to young people whenever and wherever they need it most. The original MHeC consists of home page with a visible triage system for those requiring urgent help; a online physical and mental health self-report assessment; a results dashboard; a booking and videoconferencing system; and the generation of a personalized well-being plan. Populations who do not speak English and reside in English-speaking countries are less likely to receive mental health care. In Australia, international students have been identified as disadvantaged compared with their peers; have weaker social support networks; and have higher rates of psychological distress. This scenario is acquiring significant relevance as Spanish-speaking migration is rapidly growing in Australia, and the mental health services for culturally and linguistically diverse populations are limited. Having a Spanish version (MHeC-S) of the Mental Health eClinic would greatly benefit these students. OBJECTIVE: We used participatory design methodologies with users (young people aged 16-30 years, supportive others, and health professionals) to (1) conduct workshops with users to co-design and culturally adapt the MHeC; (2) inform the development of the MHeC-S alpha prototype; (3) test the usability of the MHeC-S alpha prototype; (4) translate, culturally adapt, and face-validate the MHeC-S self-report assessment; and (5) collect information to inform its beta prototype. METHODS: A research and development cycle included several participatory design phases: co-design workshops; knowledge translation; language translation and cultural adaptation; and rapid prototyping and user testing of the MHeC-S alpha prototype. RESULTS: We held 2 co-design workshops with 17 users (10 young people, 7 health professionals). A total of 15 participated in the one-on-one user testing sessions (7 young people, 5 health professionals, 3 supportive others). We collected 225 source documents, and thematic analysis resulted in 5 main themes (help-seeking barriers, technology platform, functionality, content, and user interface). A random sample of 106 source documents analyzed by 2 independent raters revealed almost perfect agreement for functionality (kappa=.86; P<.001) and content (kappa=.92; P<.001) and substantial agreement for the user interface (kappa=.785; P<.001). In this random sample, no annotations were coded for help-seeking barriers or the technology platform. Language was identified as the main barrier to getting medical or psychological services, and smartphones were the most-used device to access the internet. Acceptability was adequate for the prototype's 5 main elements: home page and triage system, self-report assessment, dashboard of results, booking and video visit system, and personalized well-being plan. The data also revealed gaps in the alpha prototype, such as the need for tailored assessment tools and a greater integration with Spanish-speaking services and communities. Spanish-language apps and e-tools, as well as online mental health information, were lacking. CONCLUSIONS: Through a research and development process, we co-designed and culturally adapted, developed and user tested, and evaluated the MHeC-S. By translating and culturally adapting the MHeC to Spanish, we aimed to increase accessibility and availability of e-mental health care in the developing world, and assist vulnerable populations that have migrated to English-speaking countries."
26598287,Training community-based primary care physicians in the screening and management  of mental health disorders among Latino primary care patients.,2016,Gen Hosp Psychiatry,"Journal Article; Research Support, N.I.H., Extramural; Research Support, Non-U.S. Gov't; Research Support, U.S. Gov't, Non-P.H.S.; Research Support, U.S. Gov't, P.H.S.",eng,"OBJECTIVE: To evaluate a quality improvement intervention to improve the  screening and management (e.g., referral to psychiatric care) of common mental disorders in small independent Latino primary care practices serving patient populations of predominantly low-income Latino immigrants. METHODS: In seven practices, academic detailing and consultation/liaison psychiatry were first implemented (Stage 1) and then supplemented with appointment scheduling and reminders to primary care physicians (PCPs) by clinic staff (Stage 2). Acceptability and feasibility were assessed with independent patient samples during each stage. RESULTS: Participating PCP found the interventions acceptable and noted that referrals to language-matched specialty care and case-by-case consultation on medication management were particularly beneficial. The academic detailing and consultation/liaison intervention (Stage 1) did not significantly affect PCP screening, management or patient satisfaction with care. When support for appointment scheduling and reminders (Stage 2) was added, however, PCP referral to psychiatric services increased (P=.04), and referred patients were significantly more likely to follow through and have more visits to mental health professionals (P=.04). CONCLUSION: Improving the quality of mental health care in low-resourced primary care settings may require academic detailing and consultation/liaison psychiatric intervention supplemented with staff outreach to achieve meaningful improvement in the processes of care."
24985538,Disparities in perceived unmet need for supportive services among patients with  lung cancer in the Cancer Care Outcomes Research and Surveillance Consortium.,2014,Cancer,"Journal Article; Research Support, N.I.H., Extramural; Research Support, Non-U.S. Gov't; Research Support, U.S. Gov't, Non-P.H.S.",eng,"BACKGROUND: The authors investigated the prevalence, determinants of, and  disparities in any perceived unmet need for 8 supportive services (home nurse, support group, psychological services, social worker, physical/occupational rehabilitation, pain management, spiritual counseling, and smoking cessation) by race/ethnicity and nativity and how it is associated with perceived quality of care among US patients with lung cancer. METHODS: Data from a multiregional, multihealth system representative cohort of 4334 newly diagnosed patients were analyzed. Binomial logistic regression models adjusted for patient clustering. RESULTS: Patients with any perceived unmet need (9% overall) included 7% of white-US-born (USB), 9% of white-foreign-born (FB), 13% of black-USB, 8% of Latino-USB, 24% of Latino-FB, 4% of Asian/Pacific Islander (API)-USB, 14% of API-FB, and 11% of ""other"" patients (P < .001). Even after controlling for demographic and socioeconomic factors, health system and health care access, and need, black-USB, Latino-FB, and Asian-FB patients were more likely to perceive an unmet need than white-USB patients by 5.1, 10.9, and 5.6 percentage points, respectively (all P < .05). Being younger, female, never married, uninsured, a current smoker, or under surrogate care or having comorbidity, anxiety/depression, or a cost/insurance barrier to getting tests/treatments were associated with any unmet need. Patients with any unmet need were more likely to rate care as less-than-""excellent"" by 13 percentage points than patients with no unmet need (P < .001). CONCLUSIONS: Significant disparities in unmet supportive service need by race/ethnicity and nativity highlight immigrants with lung cancer as being particularly underserved. Eliminating disparities in access to needed supportive services is essential for delivering patient-centered, equitable cancer care."
20652383,"The influence of prenatal trauma, stress, social support, and years of residency  in the US on postpartum maternal health status among low-income Latinas.",2011,Matern Child Health J,"Journal Article; Research Support, N.I.H., Extramural; Research Support, U.S. Gov't, P.H.S.",eng,"This study examined the associations of prenatal psychosocial factors, including  depressive symptoms, post-traumatic stress disorder symptoms, trauma exposure including intimate partner violence, perceived stress, and social support, with perceived postpartum health status. Low-income Latinas (N = 203) were recruited from two health plans within the first 12 weeks of their pregnancies and followed through 3 months after birth. Participants completed semi-structured interviews conducted in English or Spanish within the first 12 weeks of pregnancy, and again at 12 weeks postpartum. Perceived health status was measured by the SF-12. Participants with complete follow-up data (n= 193) were used in data analysis. Women were mostly foreign-born (75%) with low-incomes (59%) and reported postpartum health status in the average range (M = 102.5; SD = 12.2). Overall health status was positively associated with decreased levels of perceived stress (P < .0001), being foreign-born and having resided in the US <10 years (P = .003). Emotional well-being was positively linked with being foreign-born and having resided in the US <10 years (P = .002), increased levels of social support (P = .01), and decreased levels of perceived stress (P < .001). Exposure to non-specific IPV trauma (P = .01) and health problems experienced during pregnancy or delivery (P = .05) were negatively associated with physical health status. Prenatal psychosocial factors and length of residency in the US are differentially predictive of overall postpartum health status and emotional well-being, and have less impact on physical well-being after birth. Health professionals are encouraged to assess these factors in early pregnancy."
26863626,Reliability and Validity of an Interviewer-Administered Adaptation of the Youth  Self-Report for Mental Health Screening of Vulnerable Young People in Ethiopia.,2016,PLoS One,"Journal Article; Research Support, Non-U.S. Gov't",eng,"OBJECTIVE: Evaluate the reliability and validity of the Youth Self-Report (YSR)  as a screening tool for mental health problems among young people vulnerable to HIV in Ethiopia. DESIGN: A cross-sectional assessment of young people currently receiving social services. METHODS: Young people age 15-18 participated in a study where a translated and adapted version of the YSR was administered by trained nurses, followed by an assessment by Ethiopian psychiatrists. Internal reliability of YSR syndrome scales were assessed using Chronbach's alpha. Test-retest reliability was assessed through repeating the YSR one month later. To assess validity, analysis of the sensitivity and specificity of the YSR compared to the psychiatrist assessment was conducted. RESULTS: Across the eight syndrome scales, the YSR best measured the diagnosis of anxiety/depression and social problems among young women, and attention problems among young men. Among individual YSR syndrome scales, internal reliability ranged from unacceptable (Chronback's alpha = 0.11, rule-breaking behavior among young women) to good (α≥0.71, anxiety/depression among young women). Anxiety/depression scores of ≥8.5 among young women also had good sensitivity (0.833) and specificity (0.754) to predict a true diagnosis. The YSR syndrome scales for social problems among young women and attention problems among young men also had fair consistency and validity measurements. Most YSR scores had significant positive correlations between baseline and post-one month administration. Measures of reliability and validity for most other YSR syndrome scales were fair to poor. CONCLUSIONS: The adapted, personally administered, Amharic version of the YSR has sufficient reliability and validity in identifying young vulnerable women with anxiety/depression and/or social problems, and young men with attention problems; which were the most common mental health disorders observed by psychiatrists among the migrant populations in this study. Further assessment of the applicability of the YSR among vulnerable young people for less common disorders in Ethiopia is needed."
11218970,"[Motives for consultation and demographic characteristics of a community of  ""undocumented"" immigrants in the district of Usera-Villaverde (Madrid)].",2001,Aten Primaria,Journal Article,spa,"OBJECTIVE: The objectives of the present study are to describe to the social  particularizations, reasons for consultation and diagnoses conducted in the adult immigrants without regularizing that they went to this doctor's office in the district of Villaverde-Usera (Madrid), excluding the data from obstetrics-gynecology and pediatric. DESIGN: One is a descriptive observational study, based on the registry of the daily activity of the consultation from 1996 to 1999. SETTING: Primary level of attention in the area of influence of the municipal districts of Villaverde-Usera. PARTICIPANTS: 1496 consultations to immigrants without regularizing adults, taken care of in our consultation are described in the mentioned period. MEASUREMENTS AND RESULTS: By means of the registry of daily activity social and demographic variables took shelter, of reason and type of consultation, as well as of the main diagnosis that brought to them to the consultation, en 1496 consultations of illegal immigrants (533 people). 31% of the consultations were new and a 14% of absences to the citation were registered. 67% of the consultations made women, the average age was of 34.9 years and in a 76% it referred like South America origin. The diseases that more consultations generated were acute respiratory infection 18%, depressives disorders 11% and the backache with also a 11%. The 48% the reasons for the consultation were acute and 60% took place to free demand. CONCLUSIONS: The group of consultations taken care of responds to the profile of a young South American woman, that fundamentally consults by acute respiratory infections, and very in proximity by depressive-anxious upheavals and lumbar affections, problems very in relation to his situation of immigrant. The irregularity adds to a risk when making difficult the access, most of the consultations are precise, failing in elevated occasions to the programmed consultation."
19586191,Family economic stress and academic well-being among Chinese-American youth: the  influence of adolescents' perceptions of economic strain.,2009,J Fam Psychol,"Journal Article; Research Support, N.I.H., Extramural",eng,"This study examined the pathways by which family economic stress influenced  youth's educational outcomes in a sample of 444 Chinese American adolescents (M ages = 13.0, 17.1 years at waves 1 and 2, respectively). Using latent variable structural equation modeling, results across two waves of data, spanning early to late adolescence, demonstrated that the influence of parent report of economic stress on youth academic achievement (i.e., GPA), school engagement, and positive attitudes about education was mediated through youth's perceptions of family economic strain and self-reports of depressive symptoms. These relationships were observed to remain significant after accounting for selection bias using individual fixed-effects models. Finally, youth's perceptions of family economic strain were found to more strongly predict depressive symptoms during later, as compared to earlier, adolescence; all other modeled relationships were equivalent across the two time periods. Implications for expanding theoretical tenets of the Family Economic Stress Model are discussed."
23641671,"Level of distress, somatisation and beliefs on health-disease in newly arrived  immigrant patients attended in primary care centres in Catalonia and definition of professional competences for their most effective management: PROMISE Project.",2013,BMC Fam Pract,"Journal Article; Multicenter Study; Research Support, Non-U.S. Gov't",eng,"BACKGROUND: Newly arrived immigrant patients who frequently use primary health  care resources have difficulties in verbal communication. Also, they have a system of beliefs related to health and disease that makes difficult for health care professionals to comprehend their reasons for consultation, especially when consulting for somatic manifestations. Consequently, this is an important barrier to achieve optimum care to these groups. The current project has two main objectives: 1. To define the different stressors, the level of distress perceived, and its impact in terms of discomfort and somatisation affecting the main communities of immigrants in our area, and 2. To identify the characteristics of cross-cultural competence of primary health care professionals to best approach these reasons for consultation. METHODS/DESIGN: It will be a transversal, observational, multicentre, qualitative-quantitative study in a sample of 980 people from the five main non-European Union immigrant communities residing in Catalonia: Maghrebis, Sub-Saharans, Andean South Americans, Hindustanis, and Chinese. Sociodemographic data, level of distress, information on the different stressors and their somatic manifestations will be collected in specific questionnaires. Through a semi-structured interview and qualitative methodology, it will be studied the relation between somatic manifestations and particular beliefs of each group and how these are associated with the processes of disease and seeking for care. A qualitative methodology based on individual interviews centred on critical incidents, focal groups and in situ questionnaires will be used to study the cross-cultural competences of the professionals. DISCUSSION: It is expected a high level of chronic stress associated with the level of somatisations in the different non-European Union immigrant communities. The results will provide better knowledge of these populations and will improve the comprehension and the efficacy of the health care providers in prevention, communication, care management and management of resources."
14695068,An observer-participant study in primary care of assessments of inability to work  in immigrant patients with ongoing sick leave.,2003,Scand J Prim Health Care,Comparative Study; Journal Article,eng,"OBJECTIVE: To explore the factors related to doctors' assessments of incapacity  to work (IW). MATERIAL: Two general practitioners and 49 men and 102 women aged 20-45 years with ongoing sick leave. METHODS: The doctors saw all the patients jointly and discussed their emotions afterwards. Mental status, psychosocial stress, pain behaviour, tender structures, mobility and self-rated inability to work were assessed. Finally, the doctors separately rated the degree (0-100%) of reduced capacity for vocational work (DRCW). The inter-rater agreement was measured by kappa statistics. Prevalence odds ratios (OR) with 95% confidence intervals (95% CI) for IW (75-100% DRCW) were calculated by logistic regression. RESULTS: The patients were immigrants working in service. All reported pain, 53.7% had much psychosocial stress, 74.8% said they were unable to work and 22.5% were depressed. We were often touched by their life stories. The women had many tender-structure locations and many men had restricted mobility. Two-thirds (67.5%) had pain behaviour. The kappa value on the DRCW was 0.73. A third of the men (38.8%) and 26.5% of the women were assessed as having IW. The raters disagreed only in a few cases. Depressed men or men with pain behaviour had high ORs for IW (OR 12.8, 95% CI 3.3-68.5 and OR 5.6, 95% CI 1.5-21.1, respectively) as did women with self-rated inability to work (OR 7.0; 95% CI 1.6-32.0). CONCLUSIONS: Factors not clearly related to function had determined doctors' assessments of IW."
24996511,"Development and testing of culturally sensitive patient information material for  Turkish, Polish, Russian and Italian migrants with depression or chronic low back pain (KULTINFO): study protocol for a double-blind randomized controlled trial.",2014,Trials,"Comparative Study; Journal Article; Multicenter Study; Randomized Controlled Trial; Research Support, Non-U.S. Gov't",eng,"BACKGROUND: Many of the approximately 15 million people with a migration  background living in Germany (19% of the population) are inadequately reached by existing healthcare provision. In the literature, the necessity for cultural adaptation of information material for patients with a migration background is often cited as a measure for improving healthcare.In this study, culturally sensitive information material will be developed and evaluated for patients with a migration background and depression or chronic low back pain. In this respect, it will be examined whether culturally sensitive information material is judged as more useful by the patients than standard translated patient information without cultural adaptation. METHODS/DESIGN: The implementation and evaluation of culturally sensitive patient information material will occur in the framework of a double-blind randomized controlled parallel-group study in four study centres in Germany. Primary care patients with a Turkish, Polish, Russian or Italian migration background with a diagnosis of depressive disorder or chronic low back pain will be included and randomly allocated to the intervention group or the control group. In the intervention group, culturally sensitive patient information will be handed to the patient at the end of the physician consultation, while in the control group, standard translated patient information material will be provided. The patients will be surveyed by means of questionnaires following the consultation as well as after 8 weeks and 6 months. In addition to the primary outcome (subjective usefulness), several patient- and physician-rated secondary outcomes will be considered. DISCUSSION: The study will provide an empirical answer to the question of whether persons with a migration background perceive culturally sensitive patient information material as more useful than translated information material without cultural adaptation. TRIAL REGISTRATION: Deutsches Register Klinischer Studien (DRKS-ID) DRKS00004241 and Universal Trial Number (UTN) U1111-1135-8043."
42015162,Impact of current U.S. visa policies on Nigerian medical students and physicians  seeking graduate medical education.,2026,BMC Med Educ,Journal Article,eng,"BACKGROUND: Nigerian medical trainees increasingly pursue graduate medical  education abroad. Recent changes in U.S. visa policy, including revised reciprocity rules, may be reshaping migration intentions. Despite widespread concern, empirical evidence on the impact of these policies on Nigerian applicants remains limited. METHODS: We conducted a descriptive, cross-sectional online survey of Nigerian medical students and graduates preparing for, or expressing interest in, U.S. residency training. Data were analyzed using SPSS v25. Logistic regression was employed to identify predictors of high motivation to pursue U.S. graduate medical education. RESULTS: Among 455 respondents, 71.6% identified U.S. training as a primary career goal. Awareness of the July 2025 visa policy was moderate to high, with 52.1% reporting reduced motivation due to visa restrictions. Approximately 19.1% of examinations were delayed, and 31.6% explored alternative destinations, most frequently Canada and the United Kingdom. Respondents reported substantial financial burdens, and only 5.5% were willing to travel internationally during residency due to concerns about reentry. Symptoms of anxiety were prevalent, with 20% reporting moderate-to-severe levels. High motivation was independently associated with identifying U.S. training as a primary career goal and greater financial investment, whereas prior visa denial was negatively associated with motivation. CONCLUSION: U.S. policy changes were associated with decreased motivation among Nigerian students and trainees to pursue residency in the United States. These changes were linked to increased psychological distress and diversion toward alternative destinations. Transparent, equitable, and predictable immigration processes may be critical to sustaining recruitment of international medical graduates and supporting global health workforce mobility."
41840682,Self-care strategies among Arabic-speaking refugees and the Australian Mental  Health Stepped Care Model: a Delphi consensus study.,2026,BMC Health Serv Res,Journal Article,eng,"BACKGROUND: Arabic-speaking refugees and migrants experience elevated levels of  anxiety, depression and posttraumatic stress disorder, compared to the host country general population. This study sought to establish consensus on the perceived relevance of different mental health self-care strategies for Arabic-speaking refugees across the four settings of the Australian Mental Health Stepped Care Model: informal community care, primary/generalist care, community-based mental health services, and hospital-based mental health services (formal services). METHODS: The three-round Delphi study engaged a mixed panel of Arabic-speaking community members recruited from South Western Sydney and health professionals (N = 42). Data were collected via an online questionnaire, which was administered to the community members in face-to-face groups. Participants were asked to consider 73 self-care activities across three rounds. Activities reaching ≥ 75% endorsement were considered to have achieved consensus, those with 65–74% agreement were re-rated in the next round, and those with < 65% agreement were excluded. RESULTS: The community panellists were predominantly older women. Consensus was reached on 46 of the 73 activities considered. Forty-five were endorsed for informal community care, 28 for primary/generalist care, 18 for community-based mental health services, and 4 for hospital-based mental health services. Three lifestyle-related activities (eating a balanced and nutritious diet, attending to personal hygiene and connecting with nature) were endorsed across all four settings, indicating their perceived universal relevance. Overall, activities emphasising social engagement, religious and spiritual practices, and culturally familiar community and leisure activities, were strongly favoured in informal contexts. Psychological strategies, such as goal setting, mindfulness and cognitive reframing, were seen as relevant to both informal community care and formal services. CONCLUSIONS: Most culturally and community-grounded mental health self-care strategies for Arabic-speakers with a refugee-like background were found to align with the stepped care framework. These findings can be used as recommendations for practice and program development with focus on integrating these strategies across different settings in collaboration with community organisations and services, and health professionals. Further research is required to examine their relevance for different population subgroups, and their effectiveness and feasibility for integration into clinical care to help address persistent mental health inequities."
42521307,"Testing an integrated model of population mental health: study protocol for the  epidemiological, two-arm Mannheim incidence and inception cohort study (MAKO).",2026,BMJ Open,Journal Article,eng,"INTRODUCTION: Monitoring of population mental health is now considered to play a  vital role in health, risk factor and demographic surveillance systems across the globe. Adopting a public mental health perspective on monitoring and surveillance requires us to consider the entire spectrum of mental health, which broadly ranges from positive mental health and well-being to severe mental disorders, including at-risk populations. This population mental health approach has become the mainstay of public mental health provision in many European countries but there is a dearth of research on this issue in Germany in the past 20 years and fundamental conceptual and methodological issues remain to be addressed at both the national and international levels. METHODS AND ANALYSIS: The Mannheim incidence and inception cohort study is a recently established two-arm population-based incidence (arm 1) and inception cohort (arm 2) study in the catchment area of Mannheim, Germany. In the incidence-arm, case ascertainment of incident cases is carried out for the years of 2024 and 2025 based on clinical assessment via structured clinical interviews and retrospective case record evaluation. In the inception cohort arm, we recruit and follow an epidemiologically characterised population-based cohort of individuals (1) without symptoms (ie, stage 0), (2) meeting the criteria for non-specific psychological distress (ie, stage 1 a) or (3) a Clinical High At-Risk Mental State for severe mental disorder (ie, stage 1b) at baseline and up to four follow-up assessments every 6 months. Assessments include clinical interviews, self-report measures and ecological momentary assessment.Poisson regression will be conducted to quantify variation in incident rates by age, sex and migrant/ethnic minority group status. In the inception cohort arm, we will perform maximum likelihood estimation of hazard rates to estimate rates of transition from earlier stages to later stages. Latent class analysis will be used to identify empirically-based clinical stages to test convergence with contemporary staging models. ETHICS AND DISSEMINATION: The study has received ethical approval from the local ethics committee (Medical Faculty Mannheim, Heidelberg University, 585-21). Results will be published in peer-reviewed journals, presented at academic conferences and disseminated through (social) media to address a broader public audience."
28275923,Conceptualizing Culturally Infused Engagement and Its Measurement for Ethnic  Minority and Immigrant Children and Families.,2017,Clin Child Fam Psychol Rev,"Journal Article; Research Support, U.S. Gov't, P.H.S.; Review",eng,"Despite the central role culture plays in racial and ethnic disparities in mental  health among ethnic minority and immigrant children and families, existing measures of engagement in mental health services have failed to integrate culturally specific factors that shape these families' engagement with mental health services. To illustrate this gap, the authors systematically review 119 existing instruments that measure the multi-dimensional and developmental process of engagement for ethnic minority and immigrant children and families. The review is anchored in a new integrated conceptualization of engagement, the culturally infused engagement model. The review assesses culturally relevant cognitive, attitudinal, and behavioral mechanisms of engagement from the stages of problem recognition and help seeking to treatment participation that can help illuminate the gaps. Existing measures examined four central domains pertinent to the process of engagement for ethnic minority and immigrant children and families: (a) expressions of mental distress and illness, (b) causal explanations of mental distress and illness, (c) beliefs about mental distress and illness, and (d) beliefs and experiences of seeking help. The findings highlight the variety of tools that are used to measure behavioral and attitudinal dimensions of engagement, showing the limitations of their application for ethnic minority and immigrant children and families. The review proposes directions for promising research methodologies to help intervention scientists and clinicians improve engagement and service delivery and reduce disparities among ethnic minority and immigrant children and families at large, and recommends practical applications for training, program planning, and policymaking."
40631378,Mental health help-seeking behaviours of East Asian immigrants: a scoping review.,2025,Eur J Psychotraumatol,Journal Article; Scoping Review,eng,"Background: The global immigrant population is increasing annually, and Asian  immigrants have a substantial representation within the immigrant population. Due to a myriad of challenges such as acculturation, discrimination, language, and financial issues, immigrants are at high risk of mental health conditions. However, a large-scale mapping of the existing literature regarding these issues has yet to be completed.Objective: This study aimed to investigate the mental health conditions, help-seeking behaviours, and factors affecting mental health service utilization among East Asian immigrants residing in Western countries.Method: This study adopted the scoping review methodology based on the Joanna Briggs Institute framework. A comprehensive database search was conducted in May 2024 in PubMed, CINAHL, Embase, Cochrane, and Google Scholar. Search terms were developed based on participants, concept, context framework. The participants were East Asian immigrants and their families, and the concept of interest was mental health help-seeking behaviours and mental health service utilization. Regarding the context, studies targeting East Asian immigrants in Western countries were included. Data were summarized narratively and presented in a tabular and word cloud format.Results: Out of 1990 studies, 31 studies were included. East Asian immigrants often face mental health conditions, including depression, anxiety, and suicidal behaviours. They predominantly sought help from informal sources such as family, friends, religion, and complementary or alternative medicine, rather than from formal sources such as mental health clinics or healthcare professionals. Facilitators of seeking help included recognizing the need for professional help, experiencing severe symptoms, higher levels of acculturation, longer length of stay in the host country. Barriers included stigma, cultural beliefs, and language barriers.Conclusions: The review emphasizes the need for culturally tailored interventions to improve mental health outcomes in this vulnerable population. These results can guide future research and policymaking to address mental health disparities in immigrant communities."
42391280,COMBINA: The EAAD four-level approach for depression and suicide prevention and  wellbeing promotion in the community and vulnerable populations. A cross-country study protocol from the MENTBEST project.,2026,PLoS One,Journal Article,eng,"Depression and suicide are leading public health problems requiring complex  multilevel interventions. This study protocol details the COMBINA trial, which expands the evidence-based European Alliance Against Depression (EAAD) Community-Based 4-level intervention to also focus on improving wellbeing and tailored to five groups with increased vulnerability to depression: young people, older people, migrants/refugees, the long-term unemployed, and people with an existing mental health condition. In this prospective, non-randomised controlled trial, the COMBINA project will be newly implemented during a 24-month period, from late 2024 to late 2026, in five regions in Albania, Estonia, Greece, Ireland, and Spain. These regions will be compared to five control regions in the same countries, chosen to reflect a similar context, size, and sociodemographic characteristics. Main outcomes are a comparison between the intervention and control regions in the rates of deaths by suicide and hospitalisations for suicide attempts and the levels of wellbeing, depressive symptoms, anxiety symptoms, depression-related stigma, and willingness to seek psychological help in the general population. A process evaluation and economic evaluation will also be conducted. This intervention protocol also details the steps taken to promote successful implementation across a range of different cultural and regional contexts, with challenges including different existing mental health resources and differing capacities for the population to use digital tools. The COMBINA project includes co-creation, whereby materials and implementation strategy were designed with people from the vulnerable groups. The trial is funded by the European Union (grant agreement no. 101080651 and carried out according to the Declaration of Helsinki. Ethical approval has been obtained in all participating countries. The results will be published in peer-reviewed academic journals, presented at scientific meetings and disseminated through COMBINA stakeholders, with participation from the co-creators. This trial protocol (version 1.1, 24/10/2024) was registered in the ISRCTN registry (ISRCTN10521127) on 14/11/2025 (https://www.isrctn.com/ISRCTN10521127)."
42184329,Access to Healthcare in Thailand During the COVID-19 Pandemic: A Qualitative  Interview Study of Migrants From Myanmar.,2026,Nurs Open,Journal Article,eng,"AIMS AND OBJECTIVES: To explore how the military coup, COVID-19, and limited  healthcare access affected the health and well-being of Myanmar migrants. BACKGROUND: Myanmar is among the poorest countries in Southeast Asia. The combined effects of COVID-19, political instability, and civil conflict have created a humanitarian crisis, resulting in migrants having severely restricted access to food, water, healthcare, and basic rights. DESIGN: A qualitative interview study. METHODS: In-depth interviews were conducted with a purposive sample of 32 Myanmar migrants living in Thailand (M = 38.5 years, SD = 11.6). The study followed COREQ reporting guidelines. RESULTS: Participants described their experiences with COVID-19 prevention measures amid uncertainty, reporting substantial psychological distress and high levels of stress. Religion-particularly Buddhism-served as a central coping mechanism, helping them manage fear and emotional challenges. Many emphasised maintaining their cultural identity, expressed limited interest in acculturating to Thai society, and hoped to return to Myanmar once conditions stabilised. Some younger migrants sought support from local organisations for COVID-19 information and resources. Overall, participants relied on personal resilience, spirituality, and informal support networks to manage their health and well-being. CONCLUSIONS: Myanmar migrants often depend on spiritual beliefs, self-reliance, and community connections to cope with adversity. Culturally sensitive interventions are needed to improve access to healthcare and support migrants experiencing ongoing instability, high levels of stress, and limited formal resources. RELEVANCE TO CLINICAL PRACTICE: Within the context of patient care, the findings contribute new knowledge on the status of Myanmar migrants who are facing intersecting stressors in resettlement areas of Thailand. Limited access to resources for migrants poses significant barriers to seeking professional medical help. More insight into why Myanmar migrants do not seek help despite experiencing stress and having knowledge of available resources in Thailand is needed. PATIENT OR PUBLIC CONTRIBUTION: Members of the migrant community were interviewed, and community advocates were involved in the study. POSITIONALITY STATEMENT: The research team, with backgrounds in social work, counselling, public health, and nursing and with experience working with Southeast Asian migrant communities, recognised that this familiarity may shape interpretation. To minimise bias, we engaged in reflexive journaling, discussed assumptions in team meetings, and bracketed personal perspectives during data collection and analysis. As the researchers held no authority over the participants, the interviews emphasised respect, active listening, and minimised power differentials. These practices helped ensure that the findings reflected participants' voices rather than researchers' expectations."
41723803,"Korean American Church Leaders as Mental Health Gatekeepers in the USA: A Needs  Assessment of Readiness, Barriers, and Referrals.",2026,J Relig Health,Journal Article,eng,"Asian Americans underutilize mental health services, with particularly low rates  among Korean American (KA) immigrants. Churches serve as central sources of support in this community, positioning clergy as critical mental health gatekeepers. Yet little is known about the factors shaping KA church leaders' readiness, perceptions, and referral behaviors. This study analyzed survey data from 93 KA church leaders across the USA to explore factors associated with readiness (comfort addressing mental health), perceptions of issues and barriers, and the action of recommending professional counseling. Using multiple regressions, we found that prior mental health training was the only significant predictor of leader readiness, with trained leaders nearly three times more likely to report higher comfort levels (OR = 2.97, p < 0.05). Perceptions of church needs varied by ministry context and personal experience: Leaders with mental health training were over six times more likely to recognize depression and suicide as key concerns (OR = 6.71, p < 0.01) and more than twice as likely to identify marriage conflict (OR = 3.11, p < 0.05). In contrast, leaders who had personally received counseling were significantly less likely to report depression and suicide as a congregational issue (OR = 0.23, p < 0.05). In the integrative model, referral behavior was shaped primarily by ministry context and stigma awareness. Leaders in Korean-speaking ministries were significantly less likely to recommend counseling (OR = 0.02, p < 0.05), while those who identified stigma as a major issue were substantially more likely to make referrals (OR = 9.50, p < 0.05). These findings highlight the central role of training, bicultural ministry contexts, and stigma recognition in shaping church leaders' engagement with mental health. The study underscores the need for culturally adapted training programs and closer collaboration between mental health professionals and immigrant churches to address persistent disparities in KA communities."
38498578,Mental health and mental health help-seeking behaviors among first-generation  voluntary African migrants: A systematic review.,2024,PLoS One,"Journal Article; Research Support, Non-U.S. Gov't; Systematic Review",eng,"PURPOSE: Mental health challenges are highly prevalent in African migrants.  However, understanding of mental health outcomes in first-generation voluntary African migrants is limited, despite the unique challenges faced by this migrant subgroup. This review aimed to synthesize the literature to understand the mental health challenges, help-seeking behavior, and the relationship between mental health and mental health help-seeking behavior in first-generation voluntary African migrants living outside Africa. METHODS: Medline Complete, EMBASE, CINAHL Complete, and APA PsychINFO were searched for studies published between January 2012 to December 2023. Retrieved articles were processed, data from selected articles were extracted and synthesized to address the study aims, and included studies were evaluated for risk of bias. RESULTS: Eight studies were included, including four quantitative and four qualitative studies, which focused on women with postnatal depression. Mental health challenges reported in the quantitative studies were depression, interpersonal disorders, and work-related stress. Risk (e.g., neglect from health professionals and lack of social/spousal support) and protective (e.g., sensitivity of community services and faith) factors associated with mental health were identified. Barriers (e.g., cultural beliefs about mental health and racial discrimination) and facilitators (sensitizing African women about mental health) of mental health help-seeking behavior were also identified. No significant relationship was reported between mental health and mental health help-seeking behavior, and the risk of bias results indicated some methodological flaws in the studies. CONCLUSION: This review shows the dearth of research focusing on mental health and help-seeking behavior in this subgroup of African migrants. The findings highlight the importance of African migrants, especially mothers with newborns, examining cultural beliefs that may impact their mental health and willingness to seek help. Receiving countries should also strive to understand the needs of first-generation voluntary African migrants living abroad and offer mental health support that is patient-centered and culturally sensitive."
40790105,Health Impacts of Restrictive Migration Policies: A Qualitative Study of Highly  Educated Iranian Immigrants and International Students in the U.S.,2026,J Immigr Minor Health,Journal Article,eng,"Immigrants constitute a substantial portion of the United States population and  represent a significant minoritized group whose health is impacted by the country's migration policies as social determinants of health. This qualitative study used a phenomenological approach to document and explore the lived experiences of highly educated Iranian immigrants and International Students within the context of U.S. migration policies while considering the Social Determinants of Health framework. In-depth semi-structured interviews were conducted with 23 participants. Reflexive thematic analysis of the data revealed four major themes (1) entry and reentry visa restrictions for Iranians; (2) the emotional and social impact of the U.S. Travel Ban; (3) family separation and emotional distress; and (4) mental health impacts of immigration uncertainty. Findings highlight significant challenges faced by this population, including extended family separations, career uncertainties, and psychological distress. Participants reported heightened anxiety, insomnia, and feelings of isolation, aligning with research on migration-related mental health disparities. This research contributes to the limited literature on the experiences of Iranian immigrants in the U.S. and has implications for minoritized population health and policy reforms aimed at mitigating the adverse effects of immigration-related stress."
36320151,Post-migration psychosocial experiences and challenges amongst LGBTQ+ forced  migrants: A meta-synthesis of qualitative reports.,2023,J Adv Nurs,Journal Article; Systematic Review,eng,"AIMS: Synthesize qualitative research to illuminate the post-migration  psychosocial experiences amongst LGBTQ+ forced migrants. DESIGN: Meta-synthesis of qualitative reports. DATA SOURCES: Systematic searches in seven databases and manual screenings were performed in July 2021 (21,049 entries screened in total). The final sample included 29 English-language reports containing empirical qualitative findings about post-migration experiences and published 10 years prior to the searches, based on migrants as the primary source. REVIEW METHODS: Methodological quality was appraised using the CASP and JBI checklists. Through a collaborative process involving nurse-midwife researchers and experienced clinical professionals, reports were analysed with a two-stage qualitative meta-synthesis including an inductive qualitative content analysis. RESULTS: The methodological quality was high and the reports included 636 participants in total. Two themes were identified through the meta-synthesis. The first theme illustrates the psychological distress and numerous challenges and stressors forced migrants face after arrival, including challenges encountered as an LGBTQ+ forced migrant, psychological reactions and manifestations, and practical issues related to resettlement and living conditions. The second theme highlights the resilience and strength they find through various internal processes and external resources, including resilience and strengthening resources, identity formation and establishing and maintaining social relationships. CONCLUSION: After arrival in the host country, forced migrants identifying as LGBTQ+ face numerous societal and personal challenges whilst being at risk of experiencing significant psychological distress. These migrants utilize a wide range of resources that may strengthen their resilience. Peer support stands out as a highly appreciated and promising resource that needs further attention in experimental research. IMPACT: Forced migrants identifying as LGBTQ+ need access to adequate and sufficient support. The findings emphasize several strength-building resources that may inform nurses, midwives, researchers and other professionals when providing psychosocial support for these persons. PATIENT OR PUBLIC CONTRIBUTION: No patient or public contribution."
21140307,The interactive role of chronic medical conditions and sleep disturbance in  predicting depressive symptoms among Korean American older adults.,2011,Aging Ment Health,"Journal Article; Research Support, N.I.H., Extramural",eng,"OBJECTIVES: This study examined the independent and interactive effects of  chronic medical conditions and sleep disturbance on depressive symptomatology. The sample (N = 675) consisted of community-dwelling Korean American older adults, a group that has been found to be particularly high in depressive symptomatology. METHODS: A hierarchical regression model of depressive symptoms was estimated with an array of predictors: (a) demographic variables, including immigration history, (b) chronic medical conditions, (c) sleep disturbance, and (d) an interaction between chronic medical conditions and sleep disturbance. RESULTS: After controlling for the effects of demographic variables, both chronic medical conditions and sleep disturbance were identified as independent risk factors for depressive symptoms. Moreover, their interaction was significant, indicating that the coexistence of chronic medical conditions and sleep disturbance was significantly associated with higher levels of depressive symptoms (β = 0.15, p < 0.01). CONCLUSION: Our findings call attention to sleep hygiene among older individuals with chronic medical conditions and recommend that sleep quality should be closely monitored and assessed by healthcare professionals."
37161342,Understanding experiences of mental health help-seeking in Arab populations  around the world: a systematic review and narrative synthesis.,2023,BMC Psychiatry,Journal Article; Systematic Review,eng,"BACKGROUND: Racial and ethnic disparities in mental health service utilisation  and access is well established. Mental illness is common among Arab populations globally, but most individuals display negative attitudes towards mental health and do not seek professional help. The aim of this systematic review was to determine 1) help-seeking behaviours 2) help-seeking attitudes and 3) help-seeking barriers and facilitators, related to mental health services among Arab adults. METHOD: A pre-defined search strategy and eligibility criteria allowed for database searching using terms related to: mental health, Arabs, help-seeking, as well as experiences and behaviours. Seventy-four articles were included and analysed through narrative synthesis. Results were reported using the PRISMA guidelines. The review protocol was registered prospectively on PROSPERO (CRD42022319889). RESULTS: Arabs across the world have negative attitudes towards formal help-seeking and are reluctant to seek help, despite the presence of psychological distress. There is little information on factors that influence help-seeking behaviours and rates of service use. Preference for informal help sources such as family and friends were expressed and considered more acceptable. Low mental health literacy, stigma, gender, age, education, religion, acculturation, and immigrant status were the most common factors influencing help-seeking attitudes. Barriers to help-seeking included stigma, privacy and confidentiality, trust, mental health literacy, language, logistics, and culture related barriers. Increasing societal and family awareness, external support and encouragement, shared culture between the client and therapist, quality of doctor patient relationship, and feelings of connectedness with the host country among refugees were mentioned facilitators. Mixed findings for the role of religion, and family and community, in relation to facilitating or hindering help-seeking were reported. CONCLUSIONS: There is an increased likelihood and preference to seek informal sources of psychological support among Arabs. Contextual and cultural factors impeding help-seeking for Arabs are common across the world. Future research should address actual utilisation rates of services to better understand factors that influence help-seeking behaviours and facilitators to help-seeking. Increasing mental health literacy and developing anti stigma campaigns is necessary. Developing culturally informed interventions should inform future efforts to promote help-seeking among this population."
20840806,Seeking help for mental health problems outside the conventional health care  system: results from the European Study of the Epidemiology of Mental Disorders (ESEMeD).,2010,Can J Psychiatry,"Journal Article; Research Support, N.I.H., Extramural; Research Support, Non-U.S. Gov't; Research Support, U.S. Gov't, P.H.S.",eng,"OBJECTIVE: In certain countries, it is not uncommon to turn to professionals  outside the conventional health care system for psychological problems. As this situation is not well documented in Europe, we assessed use of nonconventional care for mental health in 6 European countries. METHOD: A cross-sectional survey was conducted in representative samples of noninstitutionalized adults in 6 European countries. Participants (n = 8796) completed a survey, which included, among other items, the Composite International Diagnostic Interview 3.0 and in-depth questions about lifetime consultations for mental health problems. RESULTS: Among the respondents (n = 2928) who reported having already sought help in their lifetime for psychological problems (20.0%), 8.6% turned to complementary and alternative medicine (CAM) providers, such as chiropractors and herbalists, and a similar proportion (8.4%) to religious advisers such as ministers, priests, or rabbis. Only a small proportion (2.9%) consulted only these professionals for their problems. CAM providers were more frequently used in the Netherlands (13.5%) and Germany (9.4%), while religious advisers were more often consulted in Italy (12.6%) and Germany (11.6%). Multivariate analyses confirmed differences between countries and revealed that people turning to religious advisers tended to be older, foreign born, and with alcohol problems, whereas those consulting CAM providers were younger, wealthier, and more frequently depressed. CONCLUSIONS: In Europe, patients who turn to CAM therapists and those who seek help from religious advisers for psychological problems are not exactly the same. In addition, these professionals are not consulted frequently in most countries, and are almost always associated with more traditional follow-up when used."
21522051,Ethnoracial differences in the clinical characteristics of Alzheimer's disease at  initial presentation at an urban Alzheimer's disease center.,2011,Am J Geriatr Psychiatry,"Comparative Study; Journal Article; Research Support, N.I.H., Extramural",eng,"OBJECTIVE: To compare presentation of Alzheimer disease (AD) at the time of  initial evaluation at a university specialty clinic across three ethnoracial groups in order to understand similarities and differences in the demographic, clinical, cognitive, psychiatric, and biologic features. DESIGN: Cross-sectional study. PARTICIPANTS: A total of 1,341 self-identified African American, Latino (primarily of Caribbean origin), and white non-Hispanic (""WNH"") subjects were recruited from primary care sites or by referral by primary care physicians. MEASUREMENTS: Demographic variables and age of onset of AD, as well as cognitive, functional, and mood impairments at the time of initial presentation and frequencies of apolipoprotein E genotypes, were compared across groups. RESULTS: Differences among ethnoracial groups were found for nearly all variables of interest. In particular, the largely immigrant Puerto Rican Latino group had an earlier age of onset of AD, more cognitive impairment, and greater severity of cognitive impairment at the time of initial evaluation in the setting of low average education and socioeconomic status. There was more depression in the Latinos compared with African Americans and WNHs. Greater severity of symptoms was not accounted for by a difference in lag time between onset of symptoms and initial evaluation. The apolipoprotein E-4 genotype was not associated with AD in the Latino cohort. CONCLUSIONS: Minority groups in Philadelphia, especially Latinos, exhibit a more severe profile of AD at the time of presentation than WNHs. Important potential confounds need to be considered and future research comparing immigrant and nonimmigrant Latino groups will be necessary to elucidate the highly significant differences reported."
22799587,"Longitudinal linkages among parent-child acculturation discrepancy, parenting,  parent-child sense of alienation, and adolescent adjustment in Chinese immigrant families.",2013,Dev Psychol,"Journal Article; Research Support, N.I.H., Extramural; Research Support, Non-U.S. Gov't",eng,"Parent-child acculturation discrepancy is a risk factor in the development of  children in immigrant families. Using a longitudinal sample of Chinese immigrant families, the authors of the current study examined how unsupportive parenting and parent-child sense of alienation sequentially mediate the relationship between parent-child acculturation discrepancy and child adjustment during early and middle adolescence. Acculturation discrepancy scores were created using multilevel modeling to take into account the interdependence among family members. Structural equation models showed that during early adolescence, parent-child American orientation discrepancy is related to parents' use of unsupportive parenting practices; parents' use of unsupportive parenting is related to increased sense of alienation between parents and children, which in turn is related to more depressive symptoms and lower academic performance in Chinese American adolescents. These patterns of negative adjustment established in early adolescence persist into middle adolescence. This mediating effect is more apparent among father-adolescent dyads than among mother-adolescent dyads. In contrast, parent-child Chinese orientation discrepancy does not demonstrate a significant direct or indirect effect on adolescent adjustment, either concurrently or longitudinally. The current findings suggest that during early adolescence, children are more susceptible to the negative effects of parent-child acculturation discrepancy; they also underscore the importance of fathering in Chinese immigrant families."
41639809,A multilingual telephone service for crisis communication with migrant groups:  Swedish experiences of responding to the COVID-19 pandemic.,2026,BMC Public Health,Journal Article,eng,"BACKGROUND: Migrants living in socioeconomically disadvantaged neighborhoods in  Sweden were overrepresented among the infected and deceased in coronavirus disease 2019 (COVID-19) and vaccination coverage was substantially lower, despite being free of charge. The overarching aim of this study was to analyze the experiences of operating a multilingual telephone service for public health crisis communication targeting migrant communities in Sweden during COVID-19. A secondary objectives was to identify specific opportunities and challenges in delivering culturally appropriate health information during a pandemic crisis. METHODS: A qualitative design based on in-depth interviews with 12 health communicators staffing the telephone service was used. Additional quantitative descriptive data on the use of the telephone service are provided for context. RESULTS: The quantitative data revealed that relatively few callers requested basic information about the virus or asked about topics such as where to turn in case of illness. The most common topic was testing for current infection. The thematic analysis identified seven major themes: The rationale behind a multilingual telephone service; the convergence of language, culture, and professional competence in trust building; dialogical dissemination of knowledge; cooperation with other actors and organizations; responding to misinformation and myths; managing emotions, existential concerns, and mental distress; and lessons for future health crisis response. CONCLUSIONS: For dissemination of information about COVID-19 and vaccination to migrants during the pandemic, experiences from the multilingual telephone service point to the value of communication that includes the possibility of dialogue with health professionals in a culturally safe mode using one's native language. For future health crises, our findings emphasize the importance of having a communication strategy targeting vulnerable groups in place as a part of a comprehensive pandemic plan when the need emerges. TRIAL REGISTRATION: The study protocol has been preregistered on the Open Science Framework (osf.io/rt47j)."
31182057,"Hyperemesis Gravidarum in the context of migration: when the absence of cultural  meaning gives rise to ""blaming the victim"".",2019,BMC Pregnancy Childbirth,Journal Article,eng,"BACKGROUND: Hyperemesis gravidarum (HG) is a rare complication of pregnancy that  involves persistent nausea and extreme vomiting to an intensity that differentiates HG from nausea and vomiting commonly experienced during pregnancy. Research has suggested potential biological and psychological etiological pathways for HG, but the augmented prevalence in immigrant populations, which is 4.5 times higher, remains unclear. Studies show that in order to better address the psychosocial needs of immigrant patients with HG, we must first improve our understanding of how they experience their illness. The objective of this study was to understand the meaning and experience of HG among immigrant women in Canada. METHODS: Our ""qualitative comparative analysis design"" involved a sample of 15 pregnant mothers following their hospitalization for HG, including 11 immigrant women and 4 Canadian-born women recruited for comparison purposes. We used the Edinburgh Perinatal Depression Scale to assess distress, and the McGill Illness Narrative Interview Schedule to explore how pregnant women understood and experienced their HG and the health services that they received. RESULTS: With the exception of a few women whose mothers suffered from HG, immigrant women and their loved ones did not have cultural knowledge to attribute meaning to HG symptoms. This left them vulnerable to criticism from family, as well as feelings of self-doubt, stress, and anxiety. We interpret this phenomenon as 'victim blaming'. Immigrant women's experience of HG was also characterised by high levels of depressive symptoms (40%) which they linked to the severity of their symptoms, high levels of stress associated with adapting to their new country, social isolation, and loss of female family members. Furthermore, in contrast to Canadian-born women, immigrant women frequently reported feeling that their symptoms were minimized by hospital emergency room medical staff, which led to delays in obtaining appropriate health care. However, once admitted to hospital, they perceived the care provided by dieticians and nurses as helpful in managing their symptoms. CONCLUSIONS: Wider awareness of the impact of HG may improve the quality of family support for immigrant women. There is a need to improve the delays and appropriateness of clinical care."
41107794,"Community health survey development, administration, social determinants and  mental health in African immigrants and refugees in Portland Oregon.",2025,BMC Public Health,Journal Article,eng,"BACKGROUND: Community-based organizations interested in members' health may lack  data to develop culturally-appropriate, evidence-based interventions. Community leaders perceived the need for a health survey, developed and administered in partnership with research scientists, to address mental health concerns of black African immigrants and refugees (principally depression). OBJECTIVES: The goals of the project were: development of a community health survey for African immigrant and refugee populations; translation, piloting and administering the survey, and descriptive analyses and dissemination. Consultation with a community Advisory Board throughout the study was an overarching goal. METHODS: A working partnership between members of the African Family Holistic Health Organization, including an Advisory Board, and members of Oregon Research Institute was formed. Recommended protocols to measure demographics, social determinants of health, everyday discrimination, perceived stress, mental health and substance use, including combustible tobacco use, were included after multiple consultations with the Advisory Board. The survey was translated and piloted in multiple African languages. Survey participants were recruited individually and at community-based organization events and completed the survey. Descriptive and bivariate analyses and dissemination to multiple groups was performed. RESULTS: The survey (Demographics and Disability, Social Determinants of Health, Substance Use), was administered electronically and completed by N = 385 (73% ≤40 years, 61% female) participants in the 2nd quarter of 2023. Participant symptoms of anxiety and depression were elevated relative to US 2022 National Health Interview Survey data (overall and compared to individuals identifying as non-Hispanic Black), due to increased reporting of mild symptoms, and in participants who were younger, food insecure, English proficient or with greater levels of perceived discrimination or stress. Measures of ever smoking were low (even a puff, 11%), with greater ever smoking observed in participants who were male, with some college, English proficient, or with greater levels of perceived discrimination or stress. CONCLUSIONS: Survey development and administration in multiple languages benefited from validated tools, repeated consultations of the research team with Advisory Board members, and community-based organization staff contributions. Community concerns about mental health appear justified, though increased symptoms were mild and subclinical. While absolute levels of ever smoking are low, tobacco use associations suggest opportunities for prevention."
25162447,"Traumatized refugees: morbidity, treatment and predictors of outcome.",2014,Dan Med J,Journal Article; Review,eng,"INTRODUCTION: Despite large numbers of traumatized refugees, little is known  about effective treatment of war trauma in refugees and immigrants. Few studies evaluating treatment have been published and most studies are follow-up studies with methodological limitations and little comparability across studies. PURPOSE: The purpose of the PhD is to characterize transcultural trauma patients in Denmark needing psychiatric treatment with regards to psychopathology and predictors of mental health and to evaluate the effects of the treatment. METHODS: Two studies reported in 4 papers form the basis of the thesis. FORLOB (Paper 1-3) was a follow-up study that included all patients receiving treatment at the Competence Center for Transcultural Psychiatry in Copenhagen from April 2008 to February 2010. Patients completed self-ratings of symptoms of PTSD, depression and anxiety as well as level of functioning and quality of life (HTQ, HSCL-25, SDS & WHO-5) before treatment and after treatment. Associations of co-morbid diagnoses and predictors of the patients' health condition were examined with linear and logistic regression and Pearson's correlation coefficients. Treatment in FORLOB consisted of a combination of Sertraline, Mianserin, psycho-education and Trauma-Focused Cognitive Behavioral Therapy (TFCBT). The treatment administered to each patient was monitored in detail and changes in outcome and predictors of change were analyzed. PTF1 (Paper 4) was a randomized controlled clinical trial with 2x2 factorial design (antidepressants, TFCBT, antidepressants & TFCBT, waiting list). Potential participants were screened amongst adult patients referred to the Competence Center for Transcultural Psychiatry in the period June 2009-2011. Patients with PTSD, war trauma and without a psychotic disorder were included. The manualized treatment consisted of weekly sessions with a physician and/or psychologist over a period of 6 months. The treatment effect was evaluated with a combination of self-ratings and blinded and non-blinded observer ratings. Outcome measures included symptoms of PTSD, depression, anxiety, pain and somatization, quality of life and level of functioning (HTQ, HSCL-25, SCL-90, WHO-5, SDS, VAS, Hamilton, GAF). Treatment was offered with translation and screening instruments were translated to the six most common languages in the patient group covering the needs of 92% of patients. RESULTS: In FORLOB, patients had several co-morbidities and not just PTSD. Almost all patients had depression, pain and untreated somatic complaints in addition to PTSD. Furthermore, 36-58% had physical problems they were in treatment for, 9-16% of patients had psychotic symptoms mainly related to their trauma, 27% had enduring personality change due to catastrophic events according to ICD-10 and 46% reported traumatic brain injury. Patients reporting chronic pain had higher symptom scores on HSCL-25 and HTQ and patients with psychotic symptoms scored higher on all symptom clusters on HTQ. At pre-treatment assessment, the patients' level of functioning and quality of life were very low, the majority of patients lived on public subsidies, education levels were low and most patients had a limited social network. In FORLOB, we found a moderate significant change (Cohen's d 0.44-0.67) on all self-report outcome measures (HTQ, HSCL-25, SDS and WHO-5) after combination treatment. We found less improvement in PTSD when patients were receiving public subsidies and less improvement of depression when patients reported pain in the upper extremities. We found a positive association between systematic use of CBT methods and improvement in patient condition. In PTF1, the randomized clinical trial, we found a small, but significant effect of treatment with medicine on blinded observer-ratings of depression and anxiety (Ham-D and Ham-A) and a large effect on non-blinded ratings of level of functioning (GAF-F and GAF-S), in addition to a small effect on self-reported level of functioning and headache (SDS and VAS). Cohen's d calculated as the differences between randomization groups receiving medicine and not receiving medicine ranged from 0.91-1.01 on GAF-F and GAF-S, whereas on the other ratings showing significant change Cohen's d was 0.31-0.41. We did not find any effect of psychotherapy on any outcomes nor any effect of psycho-therapy or medicine on the primary outcome measure, PTSD. CONCLUSION: Traditionally, treatment of traumatized refugees have focused on PTSD, but this study demonstrates that patients suffer from numerous psychiatric and somatic co-morbidities and the comprehensiveness of PTSD in explaining symptoms of traumatized refugees is questionable. This has implications for the type and implementation of treatment. PTF1 is the largest randomized clinical trial published on the treatment of traumatized refugees. It is a strength of PTF1 that it includes a waiting list control group thereby accounting for any effects due to spontaneous recovery and that treatment modalities are examined separately and in combination. In both FORLOB and PTF1, treatment adherence and patient compliance with treatment was thoroughly documented. Effect sizes were moderate in FORLOB and small in PTF1. There were discrepancies between the results in FORLOB and PTF1 with regards to the effect measured on self-ratings that can only partially be explained by methodological limitations of the follow-up study. Both studies are undertaken under pragmatic and realistic circumstances and the results are therefore relevant to other contexts. Patients are representative of patients in other North-European studies of traumatized refugees but differ from patients in trials published on culturally adapted CBT and Narrative Exposure Therapy."
40824166,Emergency radiology in displaced populations: imaging and practical challenges.,2026,Diagn Interv Radiol,Journal Article; Review,eng,"Migrants and refugees tend to use emergency departments as their primary source  of care, leading to a substantial increase in emergency radiological imaging. Migrants and refugees have risk factors, such as low vaccination rates, poor hygiene, malnutrition, and inadequate self-care, which increase their risk of contracting infectious diseases. For example, the prevalence of tuberculosis among refugee populations in host countries is increasing, and imaging findings related to tuberculosis are frequently observed by radiologists. Strengthening screening programs in host countries for tuberculosis and other infectious diseases among migrant populations can help mitigate the risk of transmission within migrant communities. Another condition, cystic echinococcosis, is more common among refugees and migrants from the Middle East and Afghanistan. For radiologists working in host countries, echinococcosis involving the liver and lungs should be considered in the differential diagnosis. Both intentional (e.g., violence, assault) and unintentional (e.g., workplace injuries, accidents) traumas are frequently encountered in emergency radiology, particularly among refugees and immigrants. Workplace injuries are four times more common among migrants and refugees than among the local population due to their work in high-risk industries, such as construction and heavy industry, and emergency radiology frequently encounters radiological findings of organ injuries due to falls from height. In addition, healthcare professionals in emergency radiology face various challenges when dealing with migrant and refugee patients, such as communication barriers, social security problems, and psychological distress."
40780122,Migration-induced subjective social mobility and its associations with self-rated  mental and general health: A systematic review and narrative synthesis.,2025,Soc Sci Med,Journal Article; Systematic Review,eng,"Social mobility affects health, but comprehensive evidence on its health effects  in migration contexts is lacking. This systematic review summarizes the global empirical quantitative evidence on the impact of migration-induced subjective social mobility on self-rated health outcomes among first-generation migrants, including internally displaced people, international and internal migrants. A systematic search was performed in three scientific databases, using search terms related to migrants, social status/mobility and health outcomes. Studies were included if migrant populations, quantitative measures of health outcomes and subjective social mobility were reported. In total, 13 records met all criteria, representing five different country contexts and covering international migrants, asylum seekers, refugees, and rural-to-urban migrants. Applying cross-sectional study designs, the main outcomes assessed were general health, subjective wellbeing/life satisfaction and depression. The overall evidence shows that downward subjective social mobility consistently correlates with negative mental health effects, namely depression, while upward social mobility is associated with better mental health outcomes. Similar tendencies were found for general health and life satisfaction. The results indicate that downward subjective social mobility is associated with poorer general health, lower life satisfaction and higher risk of depression across various contexts. Correspondingly, upward subjective social mobility and social mobility belief is associated with better general health, higher life satisfaction and lower risk of depression. These findings highlight the need for policies that support post-migration socioeconomic integration to prevent or mitigate the experience of downward mobility and its adverse health effects. Future research is needed to better understand pathways and interactions between policies, contexts, and individual trajectories influencing migration-induced social mobility."
42607061,"Effectiveness of a scalable, remotely delivered stepped-care intervention for  psychological distress among Polish migrant workers in the Netherlands: The RESPOND randomised controlled trial.",2026,PLoS Med,Equivalence Trial; Journal Article; Randomized Controlled Trial,eng,"BACKGROUND: Many international migrant workers (IMWs) in the Netherlands  experience symptoms of anxiety and depression, often linked to adverse work and living conditions, yet underutilise mental healthcare. Stepped-care approaches may improve access by offering low-intensity support, followed by more intensive treatment if needed. We evaluated the effectiveness of a culturally adapted, remotely delivered, scalable stepped-care intervention combining guided online self-help (Doing What Matters in Times of Stress; DWM; step 1) and individual psychological support via videoconferencing (Problem Management Plus; PM+; step 2) both delivered by non-professional helpers, among Polish migrant workers living in the Netherlands. METHODS AND FINDINGS: In this parallel-group, two-arm, superiority randomised controlled trial, conducted in the Netherlands, Polish-speaking migrant workers aged 18 years or older with elevated psychological distress (Kessler Psychological Distress Scale; K10 ≥ 16) were recruited between May 2022 and January 2024 via social media and Polish community spaces. All participants received Psychological First Aid (PFA) before being informed about their allocation. Participants were randomly assigned 1:1 to care-as-usual or stepped-care (DWM, followed by PM+ if distress persisted; K10 ≥ 16) using computer-generated randomisation with permuted blocks in Castor Electronic Data Capture (Castor EDC). Participants and the main researcher were not blinded after allocation; outcomes were self-reported, and research assistants handling later incidental follow-up contact remained blinded. Assessments occurred at four timepoints: baseline (week 1), post-DWM (week 7), post-PM+ (week 13), and 2-month follow-up (week 21). The primary outcome was a composite measure of anxiety and depression (Patient Health Questionnaire-Anxiety and Depression Scale; PHQ-ADS), measured at all timepoints, with the primary endpoint at follow-up. Primary analyses followed the intention-to-treat (ITT) principle using linear mixed models adjusted for baseline PHQ-ADS values. In total, 218 participants were randomised and included in the ITT analysis (109 in each group); PHQ-ADS data at the primary endpoint were available for 94 participants in the intervention group and 101 in the control group. At follow-up, adjusted mean PHQ-ADS scores were lower in the intervention group than in the control group (14.8 versus 21.3), with a between-group mean difference adjusted for baseline PHQ-ADS score of -6.52 (95% confidence interval [CI] [-8.73, -4.31]; p < 0.001; Cohen's d = -0.57), reflecting a moderate effect. Significant between-group differences adjusted for baseline PHQ-ADS were also observed post-DWM (-5.90; 95% CI [-8.12, -3.69]; p < 0.001; d = -0.56) and post-PM+ (-4.87; 95% CI [-7.18, -2.56]; p < 0.001; d = -0.44). Most participants in the intervention group who completed the post-DWM assessment still met criteria for PM+ (85/95, 89.5%). Eight serious adverse events occurred (intervention: n = 2; control: n = 6), and none were considered related to the intervention. The main limitations were limited generalisability, as most participants were women and had lived in the Netherlands for several years, and limited conclusions about longer-term effects due to the short follow-up period. CONCLUSION: The DWM/PM+ stepped-care intervention significantly reduced symptoms of anxiety and depression among Polish migrant workers in the Netherlands. These findings support the use of a remotely delivered stepped-care model combining scalable psychological interventions for migrant workers with elevated psychological distress."
42127571,Mental health and mental health care of South and East Asian immigrant pregnant  women residing in five OECD Countries: A systematic review.,2026,Midwifery,Journal Article; Systematic Review,eng,"BACKGROUND: South and East Asian immigrant pregnant women across Organisation for  Economic Co-Operation and Development (OECD) countries face barriers to accessing perinatal mental health care. This review examined the prevalence of common mental health conditions and experiences with perinatal mental health services among South and East Asian immigrant pregnant women in five OECD countries (Canada, the United Kingdom, the United States, Australia, and New Zealand). METHODS: A systematic review was conducted using a comprehensive search strategy developed by an expert librarian for five databases (CINAHL, MEDLINE, EMBASE, PsycINFO, and MIDIRS) from inception to February 2026. Quantitative, qualitative, and mixed-methods studies and published abstracts were considered. RESULTS: The review comprised six studies (five quantitative and one qualitative) conducted in Canada, the United Kingdom and the United States. The point prevalence of depression and state anxiety among participants was 16.3% and 19.7%, respectively, based on studies published mostly between 2012 and 2016. The qualitative study suggested that the utilization of mental health services was poor due to a lack of understanding of mental health issues, stigma, language barriers, cultural taboos, and distrust of mental health professionals. CONCLUSIONS: The review highlights the magnitude of antenatal depression and anxiety among South and East Asian immigrants, mainly before the COVID-19 pandemic. More research is required to understand the current demand for perinatal mental health services among immigrant South and East Asian pregnant women. Evaluating how effectively each OECD country is prioritizing the mental health needs of this population post-COVID-19 will inform practice and policy reform. SYSTEMATIC REVIEW REGISTRATION: https://www.crd.york.ac.uk/PROSPERO/view/CRD42023440054 PROSPERO Identifier: CRD42023440054."
35805609,Online and Offline Intervention for the Prevention of Postpartum Depression among  Rural-to-Urban Floating Women: Study Protocol for a Randomized Control Trial.,2022,Int J Environ Res Public Health,Clinical Trial Protocol; Journal Article,eng,"BACKGROUND: As a higher-risk group of postpartum depression (PPD), rural to urban  floating women urgently require effective and accessible mental health care after childbirth to prevent PPD. Even though there were various interventions, only a small number of women have sought professional help to reduce their depressive symptoms after childbirth, suggesting the need for an innovative intervention delivery to overcome women's help-seeking barriers. Online and offline (OTO) interventions, which combine face-to-face and internet-based interventions, provide apparent benefits. As a result, the protocol for a randomized controlled study (RCT) was designed to examine the effectiveness and acceptability of OTO intervention on psychosocial outcomes for Chinese rural-to-urban floating women including the reduction of PPD symptoms and PPD stigma, and the improvement of social support and quality of life. METHODS: A double blind, multicenter, RCT will be used and a total of 226 participants will be recruited. The OTO intervention called the ""Hi, Mom"" program will integrate two face-to-face consulting sessions with online sessions comprising an information module, a communication module, an ask-the-expert module, and a peer story module over a period of three months. The control group will receive routine postpartum care. Outcome measures including PPD symptoms, PPD stigma, social support, quality of life, mother-child bonding, and satisfaction with health care received will be conducted at baseline, postintervention, and three-month follow-up. RESULTS AND DISCUSSION: If the intervention is effective, it will provide a convenient and effective intervention program on postpartum mental well-being for rural-to-urban floating women. As the first study to test the effects of an OTO intervention for the prevention of PPD in China, the outcomes gained from this study will provide evidence-based knowledge for clinical practice on PPD prevention based on online and offline health technologies. Moreover, it could be used to plan a culturally appropriate OTO intervention for migrant mothers from different countries."
41417808,The perinatal mental health experiences of black immigrant mothers in the UK: A  qualitative systematic review and thematic synthesis.,2025,PLoS One,Journal Article; Systematic Review,eng,"INTRODUCTION: Mental health difficulties during and after pregnancy are common  worldwide. Women from minoritised ethnic communities are disproportionately affected, as are those affected by migration factors. Research typically treats ethnic minority groups as homogenous despite having potentially different needs and experiences. In the UK, Black women face considerable maternal mental health disparities, warranting further attention. AIM: To explore and understand the perinatal mental health (PMH) views and experiences of Black immigrant mothers in the UK, the support that was available to them and, perspectives on support received. METHODS: MAG Online Library, CINAHL, MEDLINE, PsycINFO and Scopus electronic databases were systematically searched. And thematic synthesis was undertaken with all the studies which met the eligibility criteria. FINDINGS: Four studies were retrieved, all focusing on postnatal depression. The synthesis generated three themes: i) perceived causes of PMH difficulties, ii) symptoms, signs and impact of PMH difficulties, iii) available support and coping means. Cultural beliefs permeated across all the themes. CONCLUSION: Black immigrant mothers in the UK face challenges such as lack of support, inadequate information, cultural perceptions, and insufficient help from family, community, and healthcare professionals. Further research is needed that extends beyond postnatal depression and includes parent-infant relationships."
